Timestamp,Source,Speed,Course,Latitude,Longitude
"2024-06-08 23:54:07",Terr-AIS,0.0,169,48.40961,-89.21643
"2024-06-08 23:31:26",Terr-AIS,0.0,169,48.40962,-89.21643
"2024-06-08 23:08:55",Terr-AIS,0.0,169,48.40962,-89.21644
"2024-06-08 22:44:26",Terr-AIS,0.0,169,48.40962,-89.21643
"2024-06-08 22:23:16",Terr-AIS,0.0,169,48.40962,-89.21643
"2024-06-08 22:00:36",Terr-AIS,0.5,173,48.40967,-89.21642
"2024-06-08 21:57:37",Terr-AIS,0.6,173,48.41018,-89.21658
"2024-06-08 21:55:37",Terr-AIS,1.0,192,48.41065,-89.21651
"2024-06-08 21:53:36",Terr-AIS,1.0,194,48.41119,-89.21629
"2024-06-08 21:51:36",Terr-AIS,1.0,202,48.41177,-89.21603
"2024-06-08 21:48:36",Terr-AIS,0.5,169,48.41241,-89.21568
"2024-06-08 21:46:16",Terr-AIS,0.4,21,48.41251,-89.2159
"2024-06-08 21:44:16",Terr-AIS,1.1,326,48.4121,-89.21579
"2024-06-08 21:42:16",Terr-AIS,1.2,306,48.41165,-89.2151
"2024-06-08 21:39:17",Terr-AIS,1.9,284,48.41111,-89.21323
"2024-06-08 21:37:17",Terr-AIS,2.1,274,48.41091,-89.21152
"2024-06-08 21:35:06",Terr-AIS,2.3,268,48.41091,-89.20954
"2024-06-08 21:33:06",Terr-AIS,2.4,258,48.41103,-89.20758
"2024-06-08 21:31:06",Terr-AIS,2.6,261,48.41129,-89.20549
"2024-06-08 21:29:06",Terr-AIS,2.8,260,48.41153,-89.20324
"2024-06-08 21:27:06",Terr-AIS,3.0,262,48.41179,-89.20084
"2024-06-08 21:25:06",Terr-AIS,3.2,263,48.41202,-89.19828
"2024-06-08 21:23:06",Terr-AIS,3.5,265,48.41223,-89.1955
"2024-06-08 21:21:06",Terr-AIS,4.2,268,48.41236,-89.19233
"2024-06-08 21:19:06",Terr-AIS,5.0,272,48.41238,-89.18845
"2024-06-08 21:17:05",Terr-AIS,5.8,274,48.41217,-89.18386
"2024-06-08 21:15:05",Terr-AIS,5.3,272,48.41198,-89.17897
"2024-06-08 21:13:05",Terr-AIS,3.8,267,48.41194,-89.17503
"2024-06-08 21:10:06",Terr-AIS,3.2,219,48.41278,-89.17115
"2024-06-08 21:08:06",Terr-AIS,3.2,169,48.41447,-89.17039
"2024-06-08 21:06:06",Terr-AIS,2.8,120,48.41589,-89.17173
"2024-06-08 21:04:06",Terr-AIS,2.3,71,48.41611,-89.17384
"2024-06-08 21:02:06",Terr-AIS,1.6,20,48.41539,-89.17509
"2024-06-08 21:00:06",Terr-AIS,1.1,349,48.41464,-89.17516
"2024-06-08 20:58:06",Terr-AIS,1.0,356,48.41404,-89.17503
"2024-06-08 20:56:06",Terr-AIS,1.0,6,48.41345,-89.17506
"2024-06-08 20:54:06",Terr-AIS,1.2,7,48.41285,-89.17522
"2024-06-08 20:52:06",Terr-AIS,1.2,37,48.41223,-89.17554
"2024-06-08 20:50:05",Terr-AIS,1.1,44,48.41173,-89.17622
"2024-06-08 20:48:05",Terr-AIS,1.5,52,48.41124,-89.17696
"2024-06-08 20:46:05",Terr-AIS,1.9,62,48.41077,-89.17824
"2024-06-08 20:43:06",Terr-AIS,2.3,61,48.40997,-89.18059
"2024-06-08 20:41:06",Terr-AIS,3.1,85,48.40935,-89.18251
"2024-06-08 20:39:06",Terr-AIS,3.8,145,48.41008,-89.1851
"2024-06-08 20:37:06",Terr-AIS,4.0,198,48.41218,-89.18562
"2024-06-08 20:34:06",Terr-AIS,2.8,254,48.41413,-89.18233
"2024-06-08 20:32:05",Terr-AIS,3.1,256,48.41441,-89.18008
"2024-06-08 20:30:05",Terr-AIS,3.2,258,48.41482,-89.17738
"2024-06-08 20:28:05",Terr-AIS,2.6,260,48.41511,-89.17495
"2024-06-08 20:26:05",Terr-AIS,2.8,264,48.4153,-89.17278
"2024-06-08 20:24:05",Terr-AIS,3.2,277,48.41528,-89.17024
"2024-06-08 20:22:05",Terr-AIS,3.6,279,48.41498,-89.1674
"2024-06-08 20:20:05",Terr-AIS,4.2,277,48.41465,-89.1642
"2024-06-08 20:18:05",Terr-AIS,4.8,278,48.4143,-89.16048
"2024-06-08 20:16:05",Terr-AIS,5.0,278,48.4139,-89.15635
"2024-06-08 20:13:06",Terr-AIS,4.0,281,48.41325,-89.1505
"2024-06-08 20:11:05",Terr-AIS,3.2,286,48.41282,-89.14756
"2024-06-08 20:09:05",Terr-AIS,2.1,308,48.41208,-89.14553
"2024-06-08 20:07:05",Terr-AIS,0.6,312,48.41151,-89.14459
"2024-06-08 19:55:07",Terr-AIS,0.5,302,48.41131,-89.14483
"2024-06-08 19:53:07",Terr-AIS,0.8,294,48.41112,-89.14433
"2024-06-08 19:50:56",Terr-AIS,1.3,289,48.41089,-89.14348
"2024-06-08 19:48:56",Terr-AIS,2.1,293,48.41055,-89.14212
"2024-06-08 19:46:56",Terr-AIS,2.7,297,48.40997,-89.14026
"2024-06-08 19:44:56",Terr-AIS,3.5,300,48.40912,-89.13801
"2024-06-08 19:42:56",Terr-AIS,4.0,302,48.40804,-89.13535
"2024-06-08 19:40:56",Terr-AIS,4.4,301,48.40679,-89.13239
"2024-06-08 19:38:56",Terr-AIS,4.9,299,48.40546,-89.12904
"2024-06-08 19:36:56",Terr-AIS,4.9,299,48.40409,-89.12546
"2024-06-08 19:34:56",Terr-AIS,4.9,299,48.40271,-89.12188
"2024-06-08 19:32:56",Terr-AIS,4.9,299,48.40134,-89.11828
"2024-06-08 19:30:56",Terr-AIS,5.0,299,48.39996,-89.11464
"2024-06-08 19:28:56",Terr-AIS,5.1,299,48.39857,-89.11094
"2024-06-08 19:26:56",Terr-AIS,5.2,299,48.39717,-89.10719
"2024-06-08 19:24:55",Terr-AIS,5.2,299,48.39572,-89.10337
"2024-06-08 19:22:55",Terr-AIS,5.3,298,48.39428,-89.09951
"2024-06-08 19:20:55",Terr-AIS,5.5,298,48.39283,-89.09554
"2024-06-08 19:17:56",Terr-AIS,5.8,299,48.39057,-89.08939
"2024-06-08 19:15:56",Terr-AIS,6.6,300,48.38884,-89.085
"2024-06-08 19:13:56",Terr-AIS,7.8,298,48.38685,-89.0798
"2024-06-08 19:11:56",Terr-AIS,7.8,301,48.38457,-89.07413
"2024-06-08 19:09:56",Terr-AIS,8.2,319,48.38183,-89.06889
"2024-06-08 19:07:56",Terr-AIS,8.9,338,48.37771,-89.06526
"2024-06-08 19:05:46",Terr-AIS,8.9,338,48.37269,-89.06232
"2024-06-08 19:03:46",Terr-AIS,8.9,338,48.36805,-89.05959
"2024-06-08 19:01:45",Terr-AIS,8.9,338,48.36337,-89.05689
"2024-06-08 18:59:45",Terr-AIS,8.9,338,48.35876,-89.05415
"2024-06-08 18:57:45",Terr-AIS,8.9,338,48.35415,-89.05143
"2024-06-08 18:55:45",Terr-AIS,8.8,338,48.34956,-89.04868
"2024-06-08 18:53:37",Terr-AIS,8.8,338,48.34467,-89.04576
"2024-06-08 18:51:37",Terr-AIS,8.8,337,48.3401,-89.04301
"2024-06-08 18:49:37",Terr-AIS,8.8,338,48.33554,-89.04023
"2024-06-08 18:47:27",Terr-AIS,8.8,337,48.33057,-89.03722
"2024-06-08 18:45:27",Terr-AIS,8.7,337,48.32603,-89.03443
"2024-06-08 18:43:27",Terr-AIS,8.7,336,48.32154,-89.03165
"2024-06-08 18:41:26",Terr-AIS,9.1,322,48.31723,-89.02818
"2024-06-08 18:39:26",Terr-AIS,9.1,322,48.31325,-89.02357
"2024-06-08 18:37:17",Terr-AIS,9.1,322,48.30898,-89.01858
"2024-06-08 18:35:17",Terr-AIS,9.1,322,48.30498,-89.01389
"2024-06-08 18:33:06",Terr-AIS,9.1,322,48.30059,-89.00884
"2024-06-08 18:31:06",Terr-AIS,9.0,322,48.29661,-89.00426
"2024-06-08 18:29:06",Terr-AIS,9.0,322,48.29263,-88.99973
"2024-06-08 18:27:06",Terr-AIS,9.0,323,48.28865,-88.99524
"2024-06-08 18:25:06",Terr-AIS,9.1,332,48.28447,-88.99112
"2024-06-08 18:23:06",Terr-AIS,9.1,336,48.27998,-88.9877
"2024-06-08 18:21:06",Terr-AIS,9.3,343,48.27514,-88.98518
"2024-06-08 18:19:06",Terr-AIS,9.3,345,48.27015,-88.98314
"2024-06-08 18:17:06",Terr-AIS,9.3,346,48.26519,-88.98122
"2024-06-08 18:15:05",Terr-AIS,9.3,347,48.26009,-88.97942
"2024-06-08 18:13:05",Terr-AIS,9.2,348,48.25506,-88.97787
"2024-06-08 18:11:05",Terr-AIS,9.1,347,48.25007,-88.97631
"2024-06-08 18:08:06",Terr-AIS,8.9,347,48.24276,-88.97385
"2024-06-08 18:06:06",Terr-AIS,8.9,354,48.23792,-88.97247
"2024-06-08 18:04:06",Terr-AIS,9.1,8,48.23293,-88.97256
"2024-06-08 18:02:06",Terr-AIS,9.2,14,48.22796,-88.97414
"2024-06-08 17:59:45",Terr-AIS,9.3,22,48.2223,-88.97726
"2024-06-08 17:57:45",Terr-AIS,9.2,22,48.21756,-88.98025
"2024-06-08 17:54:46",Terr-AIS,9.1,22,48.21053,-88.98463
"2024-06-08 17:52:46",Terr-AIS,8.9,22,48.20591,-88.98753
"2024-06-08 17:50:46",Terr-AIS,8.9,27,48.20145,-88.99056
"2024-06-08 17:48:46",Terr-AIS,9.4,41,48.19737,-88.99529
"2024-06-08 17:46:46",Terr-AIS,9.4,42,48.19346,-89.00057
"2024-06-08 17:44:46",Terr-AIS,9.4,43,48.18966,-89.00594
"2024-06-08 17:42:45",Terr-AIS,9.4,43,48.18583,-89.01132
"2024-06-08 17:40:45",Terr-AIS,9.4,44,48.18207,-89.01683
"2024-06-08 17:38:25",Terr-AIS,9.4,44,48.17765,-89.0232
"2024-06-08 17:36:16",Terr-AIS,9.4,43,48.17357,-89.02913
"2024-06-08 17:33:45",Terr-AIS,9.4,44,48.16887,-89.03593
"2024-06-08 17:31:45",Terr-AIS,9.4,44,48.16512,-89.04139
"2024-06-08 17:29:45",Terr-AIS,9.4,45,48.16142,-89.04692
"2024-06-08 17:26:46",Terr-AIS,9.4,46,48.15601,-89.05536
"2024-06-08 17:24:46",Terr-AIS,9.4,45,48.15239,-89.061
"2024-06-08 17:22:46",Terr-AIS,9.4,46,48.14876,-89.06667
"2024-06-08 17:20:46",Terr-AIS,9.4,45,48.1451,-89.07232
"2024-06-08 17:18:46",Terr-AIS,9.4,46,48.14143,-89.07795
"2024-06-08 17:16:26",Terr-AIS,9.4,45,48.13717,-89.0845
"2024-06-08 17:14:07",Terr-AIS,9.5,46,48.13294,-89.09106
"2024-06-08 17:12:07",Terr-AIS,9.5,45,48.12925,-89.09673
"2024-06-08 17:09:56",Terr-AIS,9.5,45,48.12522,-89.10296
"2024-06-08 17:07:56",Terr-AIS,9.5,46,48.1215,-89.10857
"2024-06-08 17:04:57",Terr-AIS,9.4,45,48.11601,-89.11701
"2024-06-08 17:02:57",Terr-AIS,9.4,46,48.11236,-89.12269
"2024-06-08 17:00:57",Terr-AIS,9.4,46,48.10871,-89.12837
"2024-06-08 16:58:57",Terr-AIS,9.4,46,48.10506,-89.13405
"2024-06-08 16:56:57",Terr-AIS,9.4,46,48.10147,-89.13976
"2024-06-08 16:54:56",Terr-AIS,9.4,47,48.09783,-89.14548
"2024-06-08 16:52:47",Terr-AIS,9.3,47,48.09399,-89.15171
"2024-06-08 16:50:45",Terr-AIS,9.3,47,48.09041,-89.15746
"2024-06-08 16:48:45",Terr-AIS,9.3,47,48.08689,-89.16322
"2024-06-08 16:46:45",Terr-AIS,9.3,47,48.08333,-89.16892
"2024-06-08 16:44:45",Terr-AIS,9.3,47,48.07979,-89.17466
"2024-06-08 16:41:46",Terr-AIS,9.3,47,48.07457,-89.18328
"2024-06-08 16:39:46",Terr-AIS,9.3,47,48.07102,-89.18899
"2024-06-08 16:37:46",Terr-AIS,9.3,47,48.06749,-89.19471
"2024-06-08 16:35:46",Terr-AIS,9.3,47,48.06396,-89.20043
"2024-06-08 16:32:47",Terr-AIS,9.3,47,48.05862,-89.20901
"2024-06-08 16:30:45",Terr-AIS,9.3,47,48.05505,-89.21474
"2024-06-08 16:28:45",Terr-AIS,9.3,47,48.0515,-89.22045
"2024-06-08 16:26:45",Terr-AIS,9.3,47,48.04797,-89.22614
"2024-06-08 16:24:45",Terr-AIS,9.3,51,48.04463,-89.23209
"2024-06-08 16:22:45",Terr-AIS,9.3,50,48.04131,-89.23813
"2024-06-08 16:19:46",Terr-AIS,9.4,51,48.03637,-89.2472
"2024-06-08 16:17:35",Terr-AIS,9.4,50,48.03281,-89.25381
"2024-06-08 16:15:35",Terr-AIS,9.4,51,48.0295,-89.2599
"2024-06-08 16:13:35",Terr-AIS,9.4,50,48.02621,-89.26597
"2024-06-08 16:11:26",Terr-AIS,9.3,51,48.02269,-89.27249
"2024-06-08 16:09:07",Terr-AIS,9.3,50,48.0189,-89.27952
"2024-06-08 16:06:50",Terr-AIS,9.3,51,48.015,-89.28662
"2024-06-08 16:03:47",Terr-AIS,9.3,50,48.01005,-89.29569
"2024-06-08 16:01:46",Terr-AIS,9.3,51,48.00679,-89.30178
"2024-06-08 15:59:46",Terr-AIS,9.4,50,48.00348,-89.30782
"2024-06-08 15:57:46",Terr-AIS,9.4,51,48.00018,-89.31393
"2024-06-08 15:55:26",Terr-AIS,9.4,51,47.99632,-89.32104
"2024-06-08 15:53:26",Terr-AIS,9.4,51,47.99304,-89.32718
"2024-06-08 15:51:26",Terr-AIS,9.5,50,47.98973,-89.33331
"2024-06-08 15:49:26",Terr-AIS,9.5,49,47.98633,-89.33935
"2024-06-08 15:45:06",Terr-AIS,9.4,49,47.97893,-89.35233
"2024-06-08 15:43:06",Terr-AIS,9.4,49,47.97552,-89.35831
"2024-06-08 15:40:27",Terr-AIS,9.4,50,47.97104,-89.36626
"2024-06-08 15:38:27",Terr-AIS,9.4,49,47.96765,-89.37223
"2024-06-08 15:36:27",Terr-AIS,9.4,49,47.96425,-89.3782
"2024-06-08 15:34:27",Terr-AIS,9.4,49,47.96087,-89.38415
"2024-06-08 15:30:06",Terr-AIS,9.4,49,47.95339,-89.39711
"2024-06-08 15:27:47",Terr-AIS,9.4,49,47.94946,-89.40392
"2024-06-08 15:25:46",Terr-AIS,9.4,49,47.94601,-89.40991
"2024-06-08 15:23:46",Terr-AIS,9.4,49,47.94261,-89.41588
"2024-06-08 15:21:46",Terr-AIS,9.5,49,47.93917,-89.42183
"2024-06-08 15:18:47",Terr-AIS,9.5,50,47.93398,-89.43082
"2024-06-08 15:16:45",Terr-AIS,9.4,51,47.9307,-89.43696
"2024-06-08 15:14:45",Terr-AIS,9.4,51,47.92742,-89.44309
"2024-06-08 15:11:46",Terr-AIS,9.4,47,47.9223,-89.45192
"2024-06-08 15:09:46",Terr-AIS,9.4,47,47.91877,-89.45771
"2024-06-08 15:07:25",Terr-AIS,9.4,47,47.91459,-89.46445
"2024-06-08 15:05:25",Terr-AIS,9.4,48,47.91107,-89.47028
"2024-06-08 15:03:25",Terr-AIS,9.4,47,47.90754,-89.47607
"2024-06-08 14:59:46",Terr-AIS,9.4,47,47.90108,-89.48666
"2024-06-08 14:53:46",Terr-AIS,9.4,47,47.89049,-89.504
"2024-06-08 14:51:05",Terr-AIS,9.4,47,47.88571,-89.51172
"2024-06-08 14:46:25",Terr-AIS,9.3,47,47.87743,-89.52502
"2024-06-08 14:33:27",Terr-AIS,7.4,45,47.85569,-89.55948
"2024-06-08 14:24:16",Terr-AIS,3.3,351,47.8427,-89.56567
"2024-06-08 14:21:36",Terr-AIS,3.5,350,47.84017,-89.56507
"2024-06-08 14:12:06",Terr-AIS,4.8,349,47.82979,-89.56245
"2024-06-08 14:09:46",Terr-AIS,5.6,347,47.82648,-89.56145
"2024-06-08 14:07:46",Terr-AIS,6.6,349,47.82314,-89.56042
"2024-06-08 14:05:46",Terr-AIS,7.2,349,47.81933,-89.55937
"2024-06-08 14:03:46",Terr-AIS,8.1,349,47.81517,-89.55824
"2024-06-08 14:01:46",Terr-AIS,8.6,349,47.81053,-89.55698
"2024-06-08 13:59:45",Terr-AIS,8.6,349,47.80578,-89.55569
"2024-06-08 13:56:46",Terr-AIS,8.5,349,47.79873,-89.55375
"2024-06-08 13:53:46",Terr-AIS,8.5,349,47.79169,-89.55177
"2024-06-08 13:51:26",Terr-AIS,8.5,349,47.78622,-89.55024
"2024-06-08 13:49:26",Terr-AIS,8.5,348,47.78153,-89.54893
"2024-06-08 13:47:25",Terr-AIS,8.5,349,47.77685,-89.54758
"2024-06-08 13:45:25",Terr-AIS,8.5,349,47.77219,-89.54626
"2024-06-08 13:42:26",Terr-AIS,8.5,348,47.76521,-89.54424
"2024-06-08 13:39:26",Terr-AIS,8.3,348,47.75831,-89.54222
"2024-06-08 13:37:26",Terr-AIS,8.1,348,47.75384,-89.54091
"2024-06-08 13:35:26",Terr-AIS,7.8,349,47.74949,-89.5396
"2024-06-08 13:32:27",Terr-AIS,9.4,21,47.74271,-89.5397
"2024-06-08 13:29:35",Terr-AIS,9.5,21,47.73572,-89.54375
"2024-06-08 13:26:36",Terr-AIS,9.5,20,47.72837,-89.54794
"2024-06-08 13:24:36",Terr-AIS,9.5,20,47.72344,-89.55071
"2024-06-08 13:22:36",Terr-AIS,9.5,20,47.71851,-89.55349
"2024-06-08 13:20:26",Terr-AIS,9.5,20,47.71313,-89.55647
"2024-06-08 13:18:26",Terr-AIS,9.5,20,47.70816,-89.5592
"2024-06-08 13:16:26",Terr-AIS,9.5,20,47.70319,-89.56197
"2024-06-08 13:14:26",Terr-AIS,9.6,20,47.69821,-89.56477
"2024-06-08 13:12:26",Terr-AIS,9.5,20,47.69322,-89.56757
"2024-06-08 13:10:06",Terr-AIS,9.6,20,47.68736,-89.57085
"2024-06-08 13:08:06",Terr-AIS,9.6,21,47.68242,-89.57367
"2024-06-08 13:06:06",Terr-AIS,9.5,21,47.67747,-89.57653
"2024-06-08 13:04:06",Terr-AIS,9.5,21,47.67247,-89.57941
"2024-06-08 13:02:06",Terr-AIS,9.5,21,47.66752,-89.58233
"2024-06-08 13:00:06",Terr-AIS,9.5,20,47.66261,-89.58519
"2024-06-08 12:57:46",Terr-AIS,9.5,20,47.65679,-89.58851
"2024-06-08 12:54:46",Terr-AIS,9.5,20,47.64936,-89.59273
"2024-06-08 12:52:46",Terr-AIS,9.5,21,47.64441,-89.59555
"2024-06-08 12:49:46",Terr-AIS,9.5,21,47.63706,-89.59982
"2024-06-08 12:47:46",Terr-AIS,9.5,21,47.63214,-89.60272
"2024-06-08 12:45:46",Terr-AIS,9.5,21,47.62724,-89.60564
"2024-06-08 12:43:46",Terr-AIS,9.5,21,47.62226,-89.60852
"2024-06-08 12:41:46",Terr-AIS,9.5,21,47.61735,-89.61136
"2024-06-08 12:39:46",Terr-AIS,9.4,21,47.61244,-89.6142
"2024-06-08 12:37:46",Terr-AIS,9.4,21,47.60762,-89.61709
"2024-06-08 12:35:46",Terr-AIS,9.4,21,47.60272,-89.61993
"2024-06-08 12:33:46",Terr-AIS,9.5,21,47.59782,-89.62279
"2024-06-08 12:31:46",Terr-AIS,9.5,21,47.59293,-89.62567
"2024-06-08 12:28:47",Terr-AIS,9.4,21,47.58562,-89.63004
"2024-06-08 12:26:47",Terr-AIS,9.4,21,47.58072,-89.63286
"2024-06-08 12:24:47",Terr-AIS,9.4,20,47.57581,-89.63568
"2024-06-08 12:22:47",Terr-AIS,9.4,21,47.57092,-89.63848
"2024-06-08 12:20:26",Terr-AIS,9.4,21,47.56521,-89.64178
"2024-06-08 12:18:26",Terr-AIS,9.4,21,47.56028,-89.64463
"2024-06-08 12:16:26",Terr-AIS,9.4,21,47.55539,-89.64745
"2024-06-08 12:14:17",Terr-AIS,9.4,21,47.55014,-89.65045
"2024-06-08 12:12:15",Terr-AIS,9.4,20,47.54513,-89.65329
"2024-06-08 12:10:10",Terr-AIS,9.4,20,47.53985,-89.65627
"2024-06-08 12:08:10",Terr-AIS,9.4,20,47.53493,-89.65903
"2024-06-08 12:06:06",Terr-AIS,9.4,20,47.53001,-89.66182
"2024-06-08 12:04:06",Terr-AIS,9.4,20,47.52509,-89.66459
"2024-06-08 12:01:57",Terr-AIS,9.4,21,47.51979,-89.66765
"2024-06-08 11:58:15",Terr-AIS,9.4,21,47.51077,-89.67281
"2024-06-08 11:56:06",Terr-AIS,9.4,21,47.50549,-89.67581
"2024-06-08 11:54:06",Terr-AIS,9.4,21,47.50059,-89.67862
"2024-06-08 11:52:06",Terr-AIS,9.4,21,47.49569,-89.68147
"2024-06-08 11:49:56",Terr-AIS,9.4,21,47.49039,-89.68457
"2024-06-08 11:47:46",Terr-AIS,9.4,20,47.48502,-89.68759
"2024-06-08 11:45:46",Terr-AIS,9.4,21,47.48009,-89.69036
"2024-06-08 11:43:46",Terr-AIS,9.4,21,47.47519,-89.69316
"2024-06-08 11:41:46",Terr-AIS,9.4,21,47.47029,-89.69595
"2024-06-08 11:39:46",Terr-AIS,9.4,21,47.46539,-89.69876
"2024-06-08 11:37:46",Terr-AIS,9.4,21,47.46048,-89.70155
"2024-06-08 11:35:46",Terr-AIS,9.4,21,47.45559,-89.70435
"2024-06-08 11:33:46",Terr-AIS,9.4,21,47.45072,-89.7071
"2024-06-08 11:31:46",Terr-AIS,9.3,21,47.44582,-89.70988
"2024-06-08 11:29:46",Terr-AIS,9.4,21,47.44093,-89.71267
"2024-06-08 11:27:46",Terr-AIS,9.4,21,47.43604,-89.71548
"2024-06-08 11:25:46",Terr-AIS,9.3,21,47.43114,-89.71827
"2024-06-08 11:23:46",Terr-AIS,9.3,21,47.42623,-89.72108
"2024-06-08 11:21:46",Terr-AIS,9.3,21,47.42136,-89.72386
"2024-06-08 11:19:46",Terr-AIS,9.2,21,47.41652,-89.72662
"2024-06-08 11:17:46",Terr-AIS,9.1,20,47.41172,-89.72932
"2024-06-08 11:15:46",Terr-AIS,8.9,21,47.40702,-89.73198
"2024-06-08 11:13:46",Terr-AIS,8.6,22,47.40244,-89.73462
"2024-06-08 11:11:46",Terr-AIS,8.2,24,47.39812,-89.7374
"2024-06-08 11:09:46",Terr-AIS,7.6,26,47.39408,-89.7401
"2024-06-08 11:06:47",Terr-AIS,9.6,74,47.3894,-89.74683
"2024-06-08 11:04:47",Terr-AIS,9.6,74,47.38794,-89.75443
"2024-06-08 11:02:47",Terr-AIS,9.6,74,47.38651,-89.76215
"2024-06-08 11:00:46",Terr-AIS,9.5,74,47.38506,-89.76973
"2024-06-08 10:58:46",Terr-AIS,9.6,74,47.38359,-89.7773
"2024-06-08 10:56:46",Terr-AIS,9.6,75,47.38214,-89.78487
"2024-06-08 10:54:46",Terr-AIS,9.6,74,47.38074,-89.79248
"2024-06-08 10:52:35",Terr-AIS,9.5,74,47.37919,-89.8007
"2024-06-08 10:50:35",Terr-AIS,9.5,74,47.37777,-89.80828
"2024-06-08 10:47:36",Terr-AIS,9.5,75,47.37572,-89.81958
"2024-06-08 10:45:36",Terr-AIS,9.5,74,47.37432,-89.82716
"2024-06-08 10:43:26",Terr-AIS,9.5,74,47.37273,-89.83541
"2024-06-08 10:41:26",Terr-AIS,9.5,74,47.37132,-89.84299
"2024-06-08 10:39:07",Terr-AIS,9.5,74,47.3697,-89.85171
"2024-06-08 10:37:07",Terr-AIS,9.6,74,47.3683,-89.85929
"2024-06-08 10:35:07",Terr-AIS,9.6,75,47.36692,-89.86691
"2024-06-08 10:33:05",Terr-AIS,9.6,74,47.36553,-89.87469
"2024-06-08 10:31:05",Terr-AIS,9.7,74,47.36409,-89.88235
"2024-06-08 10:28:58",Terr-AIS,9.7,74,47.36253,-89.89069
"2024-06-08 10:26:55",Terr-AIS,9.7,74,47.36109,-89.89843
"2024-06-08 10:24:50",Terr-AIS,9.7,74,47.35952,-89.90666
"2024-06-08 10:22:50",Terr-AIS,9.7,75,47.3581,-89.91438
"2024-06-08 10:20:46",Terr-AIS,9.8,74,47.35668,-89.92225
"2024-06-08 10:18:46",Terr-AIS,9.7,74,47.35519,-89.92997
"2024-06-08 10:16:46",Terr-AIS,9.8,74,47.3537,-89.93769
"2024-06-08 10:13:46",Terr-AIS,9.7,74,47.3515,-89.94927
"2024-06-08 10:11:26",Terr-AIS,9.8,74,47.34982,-89.95822
"2024-06-08 10:09:18",Terr-AIS,9.8,74,47.34826,-89.96662
"2024-06-08 10:07:06",Terr-AIS,9.7,74,47.34663,-89.97497
"2024-06-08 10:04:38",Terr-AIS,9.7,74,47.34483,-89.98468
"2024-06-08 10:02:35",Terr-AIS,9.8,73,47.34335,-89.99239
"2024-06-08 10:00:35",Terr-AIS,9.8,74,47.34183,-90.00008
"2024-06-08 09:57:36",Terr-AIS,9.8,73,47.33959,-90.01159
"2024-06-08 09:55:27",Terr-AIS,9.8,73,47.33797,-90.01994
"2024-06-08 09:53:26",Terr-AIS,9.8,73,47.33644,-90.02765
"2024-06-08 09:51:06",Terr-AIS,9.8,73,47.33466,-90.0367
"2024-06-08 09:49:06",Terr-AIS,9.8,74,47.33315,-90.0444
"2024-06-08 09:46:46",Terr-AIS,9.7,74,47.3314,-90.05329
"2024-06-08 09:44:36",Terr-AIS,9.8,74,47.32979,-90.06162
"2024-06-08 09:42:26",Terr-AIS,9.7,74,47.32819,-90.06996
"2024-06-08 09:40:26",Terr-AIS,9.7,74,47.32671,-90.07764
"2024-06-08 09:38:15",Terr-AIS,9.7,74,47.32512,-90.08603
"2024-06-08 09:36:15",Terr-AIS,9.8,74,47.32366,-90.09372
"2024-06-08 09:34:10",Terr-AIS,9.8,73,47.32201,-90.10194
"2024-06-08 09:32:10",Terr-AIS,9.8,73,47.3205,-90.10962
"2024-06-08 09:30:10",Terr-AIS,9.8,73,47.31899,-90.1173
"2024-06-08 09:28:06",Terr-AIS,9.8,74,47.31748,-90.12511
"2024-06-08 09:26:06",Terr-AIS,9.8,74,47.316,-90.13284
"2024-06-08 09:24:06",Terr-AIS,9.8,73,47.31447,-90.14052
"2024-06-08 09:21:55",Terr-AIS,9.8,73,47.31278,-90.14885
"2024-06-08 09:19:55",Terr-AIS,9.8,73,47.31121,-90.15652
"2024-06-08 09:17:46",Terr-AIS,9.8,74,47.30957,-90.16486
"2024-06-08 09:15:38",Terr-AIS,9.8,74,47.30796,-90.17321
"2024-06-08 09:12:36",Terr-AIS,9.8,73,47.30563,-90.18469
"2024-06-08 09:10:36",Terr-AIS,9.8,73,47.30406,-90.19238
"2024-06-08 09:08:36",Terr-AIS,9.8,73,47.30249,-90.2001
"2024-06-08 09:06:35",Terr-AIS,9.8,73,47.30091,-90.20787
"2024-06-08 09:04:35",Terr-AIS,9.8,73,47.29933,-90.21559
"2024-06-08 09:02:35",Terr-AIS,9.9,73,47.29774,-90.22333
"2024-06-08 09:00:30",Terr-AIS,9.8,73,47.29604,-90.23162
"2024-06-08 08:58:30",Terr-AIS,9.8,73,47.29445,-90.23933
"2024-06-08 08:56:18",Terr-AIS,9.8,72,47.29273,-90.24769
"2024-06-08 08:54:05",Terr-AIS,9.8,73,47.29098,-90.25609
"2024-06-08 08:52:05",Terr-AIS,9.8,73,47.28938,-90.2638
"2024-06-08 08:49:30",Terr-AIS,9.8,73,47.28734,-90.27396
"2024-06-08 08:47:16",Terr-AIS,9.8,72,47.28559,-90.28231
"2024-06-08 08:45:15",Terr-AIS,9.7,73,47.28399,-90.29002
"2024-06-08 08:43:15",Terr-AIS,9.7,73,47.28252,-90.2977
"2024-06-08 08:40:16",Terr-AIS,9.7,73,47.28017,-90.30909
"2024-06-08 08:38:16",Terr-AIS,9.7,73,47.27858,-90.3167
"2024-06-08 08:36:16",Terr-AIS,9.7,73,47.27702,-90.32434
"2024-06-08 08:33:46",Terr-AIS,9.7,74,47.27514,-90.33392
"2024-06-08 08:31:46",Terr-AIS,9.7,74,47.27364,-90.34158
"2024-06-08 08:29:46",Terr-AIS,9.7,72,47.27209,-90.34921
"2024-06-08 08:27:46",Terr-AIS,9.8,73,47.2705,-90.35685
"2024-06-08 08:25:30",Terr-AIS,9.8,73,47.2687,-90.36575
"2024-06-08 08:23:17",Terr-AIS,9.8,73,47.26701,-90.37408
"2024-06-08 08:21:17",Terr-AIS,9.8,73,47.26546,-90.38177
"2024-06-08 08:18:56",Terr-AIS,9.8,73,47.26364,-90.39082
"2024-06-08 08:16:35",Terr-AIS,9.8,74,47.26191,-90.39995
"2024-06-08 08:14:06",Terr-AIS,9.8,73,47.26004,-90.40955
"2024-06-08 08:12:06",Terr-AIS,9.8,73,47.2585,-90.41725
"2024-06-08 08:09:56",Terr-AIS,9.8,73,47.25684,-90.42561
"2024-06-08 08:07:56",Terr-AIS,9.8,73,47.25531,-90.43332
"2024-06-08 08:05:37",Terr-AIS,9.8,74,47.25356,-90.44227
"2024-06-08 08:03:10",Terr-AIS,9.8,73,47.2517,-90.45193
"2024-06-08 08:00:55",Terr-AIS,9.9,73,47.24999,-90.46043
"2024-06-08 07:58:55",Terr-AIS,9.9,74,47.24846,-90.4682
"2024-06-08 07:56:35",Terr-AIS,9.9,74,47.24675,-90.47729
"2024-06-08 07:54:35",Terr-AIS,9.8,74,47.24524,-90.48504
"2024-06-08 07:52:35",Terr-AIS,9.8,74,47.24379,-90.49282
"2024-06-08 07:50:16",Terr-AIS,9.8,73,47.24203,-90.50187
"2024-06-08 07:48:15",Terr-AIS,9.8,73,47.24049,-90.50958
"2024-06-08 07:46:15",Terr-AIS,9.8,74,47.23899,-90.51729
"2024-06-08 07:44:15",Terr-AIS,9.8,74,47.2375,-90.525
"2024-06-08 07:42:15",Terr-AIS,9.8,73,47.23598,-90.53272
"2024-06-08 07:39:16",Terr-AIS,9.8,73,47.23359,-90.54427
"2024-06-08 07:37:16",Terr-AIS,9.8,74,47.23205,-90.55202
"2024-06-08 07:35:16",Terr-AIS,9.8,73,47.23054,-90.55978
"2024-06-08 07:33:06",Terr-AIS,9.8,73,47.22885,-90.56808
"2024-06-08 07:31:05",Terr-AIS,9.8,73,47.22723,-90.57587
"2024-06-08 07:29:05",Terr-AIS,9.8,73,47.22564,-90.5836
"2024-06-08 07:26:06",Terr-AIS,9.8,73,47.22327,-90.59509
"2024-06-08 07:23:47",Terr-AIS,9.8,73,47.22147,-90.6041
"2024-06-08 07:21:35",Terr-AIS,9.8,73,47.21982,-90.61252
"2024-06-08 07:19:18",Terr-AIS,9.8,73,47.21796,-90.62143
"2024-06-08 07:17:18",Terr-AIS,9.8,73,47.21639,-90.62915
"2024-06-08 07:15:17",Terr-AIS,9.8,73,47.2148,-90.63684
"2024-06-08 07:13:16",Terr-AIS,9.8,73,47.21323,-90.64452
"2024-06-08 07:11:16",Terr-AIS,9.8,73,47.21171,-90.65225
"2024-06-08 07:09:16",Terr-AIS,9.8,73,47.21019,-90.65999
"2024-06-08 07:06:56",Terr-AIS,9.8,73,47.20836,-90.66897
"2024-06-08 07:04:56",Terr-AIS,9.8,74,47.20683,-90.67667
"2024-06-08 07:02:56",Terr-AIS,9.7,73,47.20529,-90.68433
"2024-06-08 07:00:56",Terr-AIS,9.7,72,47.2037,-90.69198
"2024-06-08 06:58:36",Terr-AIS,9.7,73,47.20185,-90.70084
"2024-06-08 06:56:36",Terr-AIS,9.8,72,47.20024,-90.7085
"2024-06-08 06:54:36",Terr-AIS,9.8,73,47.19867,-90.71617
"2024-06-08 06:52:36",Terr-AIS,9.8,72,47.19708,-90.72382
"2024-06-08 06:50:36",Terr-AIS,9.8,73,47.19549,-90.73151
"2024-06-08 06:47:37",Terr-AIS,9.8,74,47.19319,-90.74301
"2024-06-08 06:45:37",Terr-AIS,9.8,74,47.19172,-90.75076
"2024-06-08 06:43:37",Terr-AIS,9.8,74,47.19026,-90.75853
"2024-06-08 06:41:35",Terr-AIS,9.8,74,47.18879,-90.76646
"2024-06-08 06:39:35",Terr-AIS,9.8,74,47.18735,-90.77424
"2024-06-08 06:37:26",Terr-AIS,9.8,74,47.18581,-90.78259
"2024-06-08 06:35:26",Terr-AIS,9.8,74,47.18438,-90.79035
"2024-06-08 06:33:26",Terr-AIS,9.9,73,47.18289,-90.79813
"2024-06-08 06:31:16",Terr-AIS,9.9,73,47.18117,-90.80659
"2024-06-08 06:28:26",Terr-AIS,9.9,73,47.17896,-90.8176
"2024-06-08 06:26:16",Terr-AIS,9.9,73,47.17732,-90.82597
"2024-06-08 06:23:45",Terr-AIS,9.9,73,47.17532,-90.83571
"2024-06-08 06:21:30",Terr-AIS,9.9,72,47.17345,-90.84465
"2024-06-08 06:18:46",Terr-AIS,9.9,73,47.17128,-90.85505
"2024-06-08 06:15:47",Terr-AIS,9.9,73,47.16887,-90.86658
"2024-06-08 06:12:47",Terr-AIS,9.9,73,47.16648,-90.87817
"2024-06-08 06:10:36",Terr-AIS,9.9,73,47.16478,-90.88655
"2024-06-08 06:08:35",Terr-AIS,9.9,73,47.16321,-90.89436
"2024-06-08 06:06:35",Terr-AIS,9.9,73,47.16167,-90.90211
"2024-06-08 06:04:35",Terr-AIS,9.8,73,47.16006,-90.90981
"2024-06-08 06:02:35",Terr-AIS,9.8,73,47.15845,-90.91752
"2024-06-08 06:00:35",Terr-AIS,9.8,73,47.15688,-90.92522
"2024-06-08 05:58:35",Terr-AIS,9.8,73,47.15534,-90.93292
"2024-06-08 05:56:35",Terr-AIS,9.8,73,47.15376,-90.94057
"2024-06-08 05:54:15",Terr-AIS,9.8,73,47.15189,-90.94949
"2024-06-08 05:52:15",Terr-AIS,9.8,73,47.15029,-90.95713
"2024-06-08 05:49:17",Terr-AIS,9.8,73,47.14792,-90.96848
"2024-06-08 05:47:07",Terr-AIS,9.8,73,47.14624,-90.97679
"2024-06-08 05:44:57",Terr-AIS,9.7,73,47.14459,-90.98508
"2024-06-08 05:42:57",Terr-AIS,9.8,73,47.14301,-90.99272
"2024-06-08 05:40:57",Terr-AIS,9.8,73,47.14144,-91.00039
"2024-06-08 05:38:55",Terr-AIS,9.8,73,47.13987,-91.00819
"2024-06-08 05:36:46",Terr-AIS,9.8,74,47.13824,-91.01648
"2024-06-08 05:34:46",Terr-AIS,9.8,73,47.13674,-91.0242
"2024-06-08 05:32:46",Terr-AIS,9.8,73,47.13517,-91.0319
"2024-06-08 05:30:46",Terr-AIS,9.9,73,47.13361,-91.03962
"2024-06-08 05:28:46",Terr-AIS,9.8,74,47.13208,-91.04736
"2024-06-08 05:26:46",Terr-AIS,9.8,74,47.1306,-91.05513
"2024-06-08 05:24:46",Terr-AIS,9.8,74,47.12908,-91.06288
"2024-06-08 05:22:46",Terr-AIS,9.8,74,47.12755,-91.07063
"2024-06-08 05:20:37",Terr-AIS,9.9,74,47.12593,-91.07898
"2024-06-08 05:18:37",Terr-AIS,9.9,74,47.12443,-91.08676
"2024-06-08 05:16:37",Terr-AIS,9.8,73,47.1229,-91.09449
"2024-06-08 05:14:37",Terr-AIS,9.8,73,47.1214,-91.10224
"2024-06-08 05:12:36",Terr-AIS,9.8,73,47.1198,-91.10999
"2024-06-08 05:10:36",Terr-AIS,9.8,73,47.11822,-91.11768
"2024-06-08 05:08:36",Terr-AIS,9.8,73,47.11663,-91.12544
"2024-06-08 05:06:36",Terr-AIS,9.8,73,47.11505,-91.13313
"2024-06-08 05:03:36",Terr-AIS,9.8,73,47.11274,-91.14459
"2024-06-08 05:01:36",Terr-AIS,9.8,74,47.11124,-91.1523
"2024-06-08 04:59:17",Terr-AIS,9.8,73,47.10949,-91.16128
"2024-06-08 04:57:17",Terr-AIS,9.8,73,47.10793,-91.16896
"2024-06-08 04:55:17",Terr-AIS,9.8,73,47.10639,-91.17667
"2024-06-08 04:53:17",Terr-AIS,9.9,73,47.10482,-91.18438
"2024-06-08 04:51:17",Terr-AIS,9.8,73,47.10324,-91.19209
"2024-06-08 04:49:16",Terr-AIS,9.8,73,47.10165,-91.19985
"2024-06-08 04:47:16",Terr-AIS,9.7,73,47.10009,-91.20752
"2024-06-08 04:45:16",Terr-AIS,9.8,73,47.09853,-91.21519
"2024-06-08 04:43:16",Terr-AIS,9.8,74,47.09701,-91.22287
"2024-06-08 04:41:15",Terr-AIS,9.8,74,47.09549,-91.2306
"2024-06-08 04:39:15",Terr-AIS,9.8,74,47.094,-91.23831
"2024-06-08 04:37:06",Terr-AIS,9.8,73,47.09238,-91.24661
"2024-06-08 04:35:06",Terr-AIS,9.8,73,47.09079,-91.2543
"2024-06-08 04:33:06",Terr-AIS,9.8,73,47.0892,-91.26202
"2024-06-08 04:31:05",Terr-AIS,9.8,73,47.08761,-91.2698
"2024-06-08 04:27:49",Terr-AIS,9.9,73,47.08498,-91.2826
"2024-06-08 04:24:50",Terr-AIS,9.9,73,47.08257,-91.2942
"2024-06-08 04:22:26",Terr-AIS,9.8,72,47.08068,-91.3032
"2024-06-08 04:19:27",Terr-AIS,9.8,72,47.07822,-91.3147
"2024-06-08 04:17:27",Terr-AIS,9.9,72,47.0766,-91.32239
"2024-06-08 04:15:27",Terr-AIS,9.9,72,47.07497,-91.33011
"2024-06-08 04:13:17",Terr-AIS,9.8,73,47.07322,-91.33849
"2024-06-08 04:11:17",Terr-AIS,9.9,72,47.07164,-91.34618
"2024-06-08 04:09:17",Terr-AIS,9.9,72,47.06999,-91.35387
"2024-06-08 04:07:17",Terr-AIS,9.9,72,47.06833,-91.36157
"2024-06-08 04:05:17",Terr-AIS,9.9,72,47.06665,-91.36926
"2024-06-08 04:03:17",Terr-AIS,9.9,72,47.06499,-91.37693
"2024-06-08 04:00:07",Terr-AIS,9.9,73,47.06244,-91.38906
"2024-06-08 03:58:07",Terr-AIS,9.8,72,47.06086,-91.3968
"2024-06-08 03:56:07",Terr-AIS,9.8,72,47.05923,-91.40447
"2024-06-08 03:54:07",Terr-AIS,9.8,73,47.05764,-91.41215
"2024-06-08 03:52:07",Terr-AIS,9.8,73,47.05608,-91.41983
"2024-06-08 03:50:07",Terr-AIS,9.8,73,47.05452,-91.42757
"2024-06-08 03:47:16",Terr-AIS,9.8,73,47.05231,-91.43842
"2024-06-08 03:45:16",Terr-AIS,9.8,74,47.05078,-91.44608
"2024-06-08 03:43:16",Terr-AIS,9.8,74,47.04927,-91.45376
"2024-06-08 03:41:16",Terr-AIS,9.8,74,47.04781,-91.46144
"2024-06-08 03:38:48",Terr-AIS,9.8,74,47.04599,-91.47103
"2024-06-08 03:36:27",Terr-AIS,9.8,74,47.04433,-91.47992
"2024-06-08 03:34:27",Terr-AIS,9.8,73,47.04285,-91.48759
"2024-06-08 03:29:35",Terr-AIS,9.8,73,47.03913,-91.5062
"2024-06-08 03:24:36",Terr-AIS,9.8,73,47.03539,-91.52533
"2024-06-08 03:22:06",Terr-AIS,9.7,73,47.03349,-91.5348
"2024-06-08 03:19:57",Terr-AIS,9.7,73,47.03181,-91.54311
"2024-06-08 03:17:56",Terr-AIS,9.7,73,47.03027,-91.55064
"2024-06-08 03:15:56",Terr-AIS,9.7,73,47.02872,-91.5582
"2024-06-08 03:12:57",Terr-AIS,9.7,73,47.0264,-91.56952
"2024-06-08 03:10:57",Terr-AIS,9.7,73,47.02489,-91.5771
"2024-06-08 03:08:55",Terr-AIS,9.7,73,47.02334,-91.58472
"2024-06-08 03:06:26",Terr-AIS,9.6,73,47.02141,-91.59408
"2024-06-08 03:04:17",Terr-AIS,9.6,74,47.0198,-91.60226
"2024-06-08 03:01:56",Terr-AIS,9.6,74,47.01809,-91.61104
"2024-06-08 02:59:26",Terr-AIS,9.5,73,47.01625,-91.62043
"2024-06-08 02:57:05",Terr-AIS,9.4,74,47.01456,-91.62917
"2024-06-08 02:54:06",Terr-AIS,9.0,73,47.01248,-91.63995
"2024-06-08 02:52:06",Terr-AIS,8.5,73,47.01112,-91.64688
"2024-06-08 02:50:06",Terr-AIS,7.7,73,47.00984,-91.65327
"2024-06-08 02:47:57",Terr-AIS,6.5,78,47.00875,-91.65936
"2024-06-08 02:45:46",Terr-AIS,4.9,81,47.00802,-91.66438
"2024-06-08 02:43:46",Terr-AIS,4.4,108,47.00798,-91.66808
"2024-06-08 02:41:43",Terr-AIS,4.2,152,47.00951,-91.67088
"2024-06-08 02:39:26",Terr-AIS,3.2,189,47.01187,-91.67149
"2024-06-08 02:36:45",Terr-AIS,1.2,168,47.01343,-91.67093
"2024-06-08 02:34:45",Terr-AIS,2.6,140,47.0142,-91.67178
"2024-06-08 01:15:28",Terr-AIS,0.0,294,47.01581,-91.67527
