Timestamp,Speed,Course,Latitude,Longitude,Source
"2024-06-11 02:03:00",0.0,169,48.40961,-89.21642,Terr-AIS
"2024-06-11 01:02:00",0.0,169,48.40962,-89.21646,Terr-AIS
"2024-06-11 00:02:00",0.0,169,48.40959,-89.21644,Terr-AIS
"2024-06-10 23:02:00",0.0,169,48.40962,-89.21645,Terr-AIS
"2024-06-10 22:00:00",0.0,169,48.40963,-89.21644,Terr-AIS
"2024-06-10 20:58:00",0.0,169,48.40963,-89.21645,Terr-AIS
"2024-06-10 19:59:00",0.0,169,48.40961,-89.21644,Terr-AIS
"2024-06-10 18:57:00",0.0,169,48.40962,-89.21643,Terr-AIS
"2024-06-10 17:57:00",0.0,169,48.40963,-89.21645,Terr-AIS
"2024-06-10 16:56:00",0.0,169,48.40962,-89.21642,Terr-AIS
"2024-06-10 15:57:00",0.0,169,48.40962,-89.21642,Terr-AIS
"2024-06-10 14:56:00",0.0,169,48.40963,-89.21643,Terr-AIS
"2024-06-10 13:56:00",0.0,169,48.40963,-89.21644,Terr-AIS
"2024-06-10 12:54:00",0.0,169,48.40962,-89.21644,Terr-AIS
"2024-06-10 11:53:00",0.0,169,48.40962,-89.21646,Terr-AIS
"2024-06-10 10:53:00",0.0,169,48.40961,-89.21648,Terr-AIS
"2024-06-10 09:53:00",0.0,169,48.40961,-89.21645,Terr-AIS
"2024-06-10 08:52:00",0.0,169,48.40962,-89.21645,Terr-AIS
"2024-06-10 07:53:00",0.0,169,48.40961,-89.21645,Terr-AIS
"2024-06-10 06:52:00",0.0,169,48.40961,-89.21645,Terr-AIS
"2024-06-10 05:51:00",0.0,169,48.40963,-89.21645,Terr-AIS
"2024-06-10 04:52:00",0.0,169,48.40961,-89.21642,Terr-AIS
"2024-06-10 03:51:00",0.0,169,48.40961,-89.21645,Terr-AIS
"2024-06-10 02:52:00",0.0,169,48.40963,-89.21644,Terr-AIS
"2024-06-10 01:50:00",0.0,169,48.40961,-89.21646,Terr-AIS
"2024-06-10 00:50:00",0.0,169,48.40961,-89.21645,Terr-AIS
"2024-06-09 23:48:00",0.0,169,48.40962,-89.21645,Terr-AIS
"2024-06-09 22:47:00",0.0,169,48.40962,-89.21646,Terr-AIS
"2024-06-09 21:46:00",0.0,169,48.40961,-89.21642,Terr-AIS
"2024-06-09 20:47:00",0.0,169,48.40963,-89.21642,Terr-AIS
"2024-06-09 19:47:00",0.0,169,48.40961,-89.21643,Terr-AIS
"2024-06-09 18:46:00",0.0,169,48.40963,-89.21642,Terr-AIS
"2024-06-09 17:45:00",0.0,169,48.40963,-89.21642,Terr-AIS
"2024-06-09 16:44:00",0.0,169,48.40963,-89.21643,Terr-AIS
"2024-06-09 15:43:00",0.0,169,48.40962,-89.21644,Terr-AIS
"2024-06-09 14:42:00",0.0,169,48.40962,-89.21642,Terr-AIS
"2024-06-09 13:40:00",0.0,169,48.40962,-89.21645,Terr-AIS
"2024-06-09 12:38:00",0.0,169,48.40961,-89.21642,Terr-AIS
"2024-06-09 11:39:00",0.0,169,48.40963,-89.21643,Terr-AIS
"2024-06-09 10:38:00",0.0,169,48.40963,-89.21644,Terr-AIS
"2024-06-09 09:36:00",0.0,169,48.40963,-89.21643,Terr-AIS
"2024-06-09 08:36:00",0.0,169,48.40964,-89.21645,Terr-AIS
"2024-06-09 07:34:00",0.0,169,48.40963,-89.21644,Terr-AIS
"2024-06-09 06:34:00",0.0,169,48.40963,-89.21645,Terr-AIS
"2024-06-09 05:35:00",0.0,169,48.40963,-89.21644,Terr-AIS
"2024-06-09 04:33:00",0.0,169,48.40962,-89.21643,Terr-AIS
"2024-06-09 03:31:00",0.0,169,48.40961,-89.21643,Terr-AIS
"2024-06-09 02:30:00",0.0,169,48.40962,-89.21644,Terr-AIS
"2024-06-09 01:31:00",0.0,169,48.40962,-89.21642,Terr-AIS
"2024-06-09 00:31:00",0.0,169,48.40961,-89.21643,Terr-AIS
"2024-06-08 23:31:00",0.0,169,48.40962,-89.21643,Terr-AIS
"2024-06-08 22:31:00",0.0,169,48.40961,-89.21642,Terr-AIS
"2024-06-08 21:31:00",2.6,261,48.41129,-89.20549,Terr-AIS
"2024-06-08 20:32:00",3.1,256,48.41441,-89.18008,Terr-AIS
"2024-06-08 19:33:00",4.9,299,48.40134,-89.11828,Terr-AIS
"2024-06-08 18:33:00",9.1,322,48.30059,-89.00884,Terr-AIS
"2024-06-08 17:34:00",9.4,44,48.16887,-89.03593,Terr-AIS
"2024-06-08 16:34:00",9.3,47,48.0604,-89.20615,Terr-AIS
"2024-06-08 15:34:00",9.4,49,47.96087,-89.38415,Terr-AIS
"2024-06-08 14:33:00",7.4,45,47.85569,-89.55948,Terr-AIS
"2024-06-08 13:31:00",9.4,21,47.73818,-89.54233,Terr-AIS
"2024-06-08 12:31:00",9.4,22,47.59049,-89.62714,Terr-AIS
"2024-06-08 11:32:00",9.3,21,47.44582,-89.70988,Terr-AIS
"2024-06-08 10:32:00",9.7,74,47.36481,-89.87851,Terr-AIS
"2024-06-08 09:32:00",9.8,73,47.3205,-90.10962,Terr-AIS
"2024-06-08 08:33:00",9.7,73,47.27439,-90.33775,Terr-AIS
"2024-06-08 07:33:00",9.8,73,47.22885,-90.56808,Terr-AIS
"2024-06-08 06:33:00",9.9,73,47.18289,-90.79813,Terr-AIS
"2024-06-08 05:34:00",9.8,73,47.13596,-91.02805,Terr-AIS
"2024-06-08 04:34:00",9.8,73,47.09,-91.25816,Terr-AIS
"2024-06-08 03:34:00",9.8,73,47.04285,-91.48759,Terr-AIS
"2024-06-08 02:35:00",2.6,140,47.0142,-91.67178,Terr-AIS
"2024-06-08 01:15:00",0.0,294,47.01581,-91.67527,Terr-AIS
"2024-06-07 22:20:00",0.0,294,47.01584,-91.67508,Terr-AIS
"2024-06-07 21:20:00",masked,masked,masked,masked,Sat-AIS
"2024-06-07 20:16:00",masked,masked,masked,masked,Sat-AIS
"2024-06-07 16:50:00",2.3,20,47.01102,-91.67118,Terr-AIS
"2024-06-07 15:50:00",9.2,255,47.02447,-91.49643,Terr-AIS
"2024-06-07 14:50:00",9.3,256,47.06113,-91.27448,Terr-AIS
"2024-06-07 13:50:00",9.2,256,47.0978,-91.05409,Terr-AIS
"2024-06-07 12:51:00",9.1,257,47.13387,-90.83788,Terr-AIS
"2024-06-07 11:52:00",9.1,258,47.16564,-90.62116,Terr-AIS
"2024-06-07 10:52:00",9.1,258,47.19681,-90.40271,Terr-AIS
"2024-06-07 09:52:00",9.1,258,47.228,-90.18391,Terr-AIS
"2024-06-07 08:53:00",9.1,258,47.25853,-89.96664,Terr-AIS
"2024-06-07 07:54:00",9.2,258,47.28932,-89.74849,Terr-AIS
"2024-06-07 06:55:00",9.1,258,47.31965,-89.53046,Terr-AIS
"2024-06-07 05:55:00",9.3,257,47.35089,-89.3134,Terr-AIS
"2024-06-07 04:56:00",9.4,259,47.38277,-89.09231,Terr-AIS
"2024-06-07 03:57:00",9.1,258,47.41193,-88.87101,Terr-AIS
"2024-06-07 02:57:00",8.9,257,47.44276,-88.65675,Terr-AIS
"2024-06-07 01:58:00",8.9,257,47.47343,-88.44353,Terr-AIS
"2024-06-07 00:58:00",8.8,260,47.50246,-88.23275,Terr-AIS
"2024-06-06 23:59:00",8.7,267,47.51539,-88.01875,Terr-AIS
"2024-06-06 23:00:00",8.6,275,47.51588,-87.80931,Terr-AIS
"2024-06-06 22:00:00",9.1,292,47.48575,-87.60021,Terr-AIS
"2024-06-06 21:01:00",9.5,291,47.43033,-87.39256,Terr-AIS
"2024-06-06 20:01:00",9.5,289,47.37343,-87.17381,Terr-AIS
"2024-06-06 19:02:00",9.5,291,47.31741,-86.9595,Terr-AIS
"2024-06-06 18:02:00",9.5,290,47.26172,-86.74148,Terr-AIS
"2024-06-06 17:03:00",9.5,290,47.20537,-86.52623,Terr-AIS
"2024-06-06 16:03:00",9.6,292,47.14693,-86.30748,Terr-AIS
"2024-06-06 15:04:00",9.6,290,47.08943,-86.08929,Terr-AIS
"2024-06-06 14:04:00",9.6,290,47.03365,-85.87086,Terr-AIS
"2024-06-06 13:04:00",9.6,292,46.97476,-85.65166,Terr-AIS
"2024-06-06 12:05:00",9.6,291,46.91697,-85.43444,Terr-AIS
"2024-06-06 11:05:00",9.6,292,46.86076,-85.21754,Terr-AIS
"2024-06-06 10:06:00",9.5,292,46.80373,-85.00499,Terr-AIS
"2024-06-06 09:06:00",10.1,330,46.6873,-84.85474,Terr-AIS
"2024-06-06 08:07:00",10.1,309,46.5598,-84.7076,Terr-AIS
"2024-06-06 07:08:00",8.4,298,46.45127,-84.5424,Terr-AIS
"2024-06-06 06:08:00",5.2,228,46.50904,-84.38254,Terr-AIS
"2024-06-06 05:09:00",0.0,329,46.51763,-84.37629,Terr-AIS
"2024-06-06 04:09:00",0.0,329,46.51758,-84.37623,Terr-AIS
"2024-06-06 03:08:00",0.0,329,46.51749,-84.37614,Terr-AIS
"2024-06-06 02:07:00",0.0,323,46.51729,-84.37598,Terr-AIS
"2024-06-06 01:08:00",0.0,326,46.51857,-84.37712,Terr-AIS
"2024-06-06 00:07:00",3.8,49,46.50494,-84.38936,Terr-AIS
"2024-06-05 23:07:00",9.3,131,46.452,-84.54644,Terr-AIS
"2024-06-05 22:08:00",9.7,139,46.56602,-84.69668,Terr-AIS
"2024-06-05 21:09:00",9.7,148,46.69459,-84.83405,Terr-AIS
"2024-06-05 20:10:00",9.8,113,46.81477,-84.97288,Terr-AIS
"2024-06-05 19:10:00",9.5,112,46.87719,-85.18737,Terr-AIS
"2024-06-05 18:09:00",masked,masked,masked,masked,Sat-AIS
"2024-06-05 15:53:00",masked,masked,masked,masked,Sat-AIS
"2024-06-05 14:17:00",8.8,111,47.16259,-86.19017,Terr-AIS
"2024-06-05 13:18:00",9.0,110,47.21547,-86.39107,Terr-AIS
"2024-06-05 12:18:00",8.9,114,47.27327,-86.59297,Terr-AIS
"2024-06-05 11:16:00",9.0,114,47.33861,-86.80047,Terr-AIS
"2024-06-05 10:17:00",9.0,111,47.39567,-87.00134,Terr-AIS
"2024-06-05 09:17:00",9.2,112,47.4544,-87.20929,Terr-AIS
"2024-06-05 08:18:00",9.2,94,47.4936,-87.424,Terr-AIS
"2024-06-05 07:19:00",9.6,92,47.50287,-87.65432,Terr-AIS
"2024-06-05 06:19:00",9.5,88,47.50834,-87.88848,Terr-AIS
"2024-06-05 05:20:00",9.7,87,47.50242,-88.12764,Terr-AIS
"2024-06-05 04:21:00",9.6,82,47.48685,-88.3615,Terr-AIS
"2024-06-05 03:21:00",9.4,86,47.47001,-88.59158,Terr-AIS
"2024-06-05 02:21:00",9.4,84,47.45714,-88.82276,Terr-AIS
"2024-06-05 01:22:00",9.6,84,47.44286,-89.05316,Terr-AIS
"2024-06-05 00:23:00",9.4,85,47.42901,-89.28511,Terr-AIS
"2024-06-04 23:24:00",9.2,84,47.4155,-89.51062,Terr-AIS
"2024-06-04 22:07:00",9.1,73,47.38133,-89.79379,Terr-AIS
"2024-06-04 21:07:00",8.9,73,47.3404,-90.00774,Terr-AIS
"2024-06-04 20:08:00",8.7,72,47.2988,-90.21299,Terr-AIS
"2024-06-04 19:07:00",8.8,72,47.25861,-90.42054,Terr-AIS
"2024-06-04 18:08:00",8.8,73,47.21727,-90.62676,Terr-AIS
"2024-06-04 16:15:00",9.2,74,47.13876,-91.01398,Terr-AIS
"2024-06-04 15:14:00",9.2,73,47.0941,-91.235,Terr-AIS
"2024-06-04 14:14:00",9.1,73,47.051,-91.44631,Terr-AIS
"2024-06-04 13:03:00",1.2,203,47.01304,-91.67043,Terr-AIS
"2024-06-04 11:12:00",masked,masked,masked,masked,Sat-AIS
"2024-06-04 09:52:00",masked,masked,masked,masked,Sat-AIS
"2024-06-04 08:52:00",masked,masked,masked,masked,Sat-AIS
"2024-06-04 07:27:00",0.0,329,47.01576,-91.67499,Terr-AIS
"2024-06-04 06:26:00",10.0,264,46.99461,-91.60114,Terr-AIS
"2024-06-04 05:24:00",10.1,254,47.03706,-91.35616,Terr-AIS
"2024-06-04 04:18:00",10.3,253,47.0856,-91.09129,Terr-AIS
"2024-06-04 03:18:00",10.4,256,47.13024,-90.85229,Terr-AIS
"2024-06-04 02:19:00",10.2,258,47.1686,-90.60593,Terr-AIS
"2024-06-04 01:19:00",10.2,259,47.20264,-90.35959,Terr-AIS
"2024-06-04 00:20:00",10.0,259,47.23504,-90.11782,Terr-AIS
"2024-06-03 23:20:00",10.0,259,47.26542,-89.87858,Terr-AIS
"2024-06-03 22:20:00",10.0,259,47.29678,-89.63802,Terr-AIS
"2024-06-03 21:21:00",9.8,259,47.32676,-89.40216,Terr-AIS
"2024-06-03 20:21:00",9.8,257,47.36237,-89.16892,Terr-AIS
"2024-06-03 19:22:00",9.6,256,47.40246,-88.94038,Terr-AIS
"2024-06-03 18:23:00",9.5,256,47.43931,-88.71633,Terr-AIS
"2024-06-03 17:23:00",9.3,256,47.47681,-88.4934,Terr-AIS
"2024-06-03 16:24:00",9.4,256,47.51333,-88.27438,Terr-AIS
"2024-06-03 15:25:00",9.8,270,47.53149,-88.03945,Terr-AIS
"2024-06-03 14:25:00",9.8,291,47.53299,-87.80388,Terr-AIS
"2024-06-03 13:26:00",10.0,292,47.47409,-87.57644,Terr-AIS
"2024-06-03 12:26:00",9.9,291,47.4137,-87.34882,Terr-AIS
"2024-06-03 11:27:00",10.0,291,47.35416,-87.12101,Terr-AIS
"2024-06-03 10:27:00",10.1,291,47.29448,-86.89272,Terr-AIS
"2024-06-03 09:28:00",10.1,291,47.23432,-86.66245,Terr-AIS
"2024-06-03 08:29:00",10.1,290,47.17453,-86.43443,Terr-AIS
"2024-06-03 07:29:00",10.2,290,47.11457,-86.20397,Terr-AIS
"2024-06-03 06:30:00",10.1,290,47.05417,-85.97524,Terr-AIS
"2024-06-03 05:31:00",10.1,290,46.99496,-85.74633,Terr-AIS
"2024-06-03 04:31:00",10.1,290,46.93459,-85.51633,Terr-AIS
"2024-06-03 03:31:00",10.2,292,46.87457,-85.28619,Terr-AIS
"2024-06-03 02:31:00",9.8,289,46.8143,-85.05836,Terr-AIS
"2024-06-03 01:32:00",10.0,328,46.71981,-84.88679,Terr-AIS
"2024-06-03 00:33:00",10.1,309,46.58474,-84.75237,Terr-AIS
"2024-06-02 23:33:00",9.2,318,46.4772,-84.57886,Terr-AIS
"2024-06-02 22:33:00",7.6,251,46.49618,-84.41318,Terr-AIS
"2024-06-02 21:33:00",0.0,150,46.51725,-84.37592,Terr-AIS
"2024-06-02 20:32:00",0.0,150,46.51726,-84.37595,Terr-AIS
"2024-06-02 19:31:00",0.0,150,46.51731,-84.37598,Terr-AIS
"2024-06-02 18:29:00",0.0,150,46.51737,-84.37603,Terr-AIS
"2024-06-02 17:27:00",0.0,150,46.51738,-84.37604,Terr-AIS
"2024-06-02 16:26:00",4.1,53,46.50027,-84.39764,Terr-AIS
"2024-06-02 15:26:00",9.3,138,46.46608,-84.56502,Terr-AIS
"2024-06-02 14:27:00",9.6,139,46.57718,-84.71754,Terr-AIS
"2024-06-02 13:28:00",9.6,149,46.70741,-84.84814,Terr-AIS
"2024-06-02 12:29:00",9.8,111,46.82006,-84.99563,Terr-AIS
"2024-06-02 11:29:00",9.6,111,46.8784,-85.21326,Terr-AIS
"2024-06-02 10:28:00",9.7,111,46.93954,-85.43791,Terr-AIS
"2024-06-02 09:28:00",9.7,111,46.99955,-85.66206,Terr-AIS
"2024-06-02 08:26:00",9.9,111,47.06161,-85.89005,Terr-AIS
"2024-06-02 07:27:00",9.8,112,47.12251,-86.11219,Terr-AIS
"2024-06-02 06:28:00",9.8,112,47.18564,-86.33147,Terr-AIS
"2024-06-02 05:28:00",9.8,110,47.24559,-86.55572,Terr-AIS
"2024-06-02 04:26:00",9.8,110,47.30589,-86.78779,Terr-AIS
"2024-06-02 03:27:00",9.8,111,47.36399,-87.012,Terr-AIS
"2024-06-02 02:27:00",9.9,110,47.42408,-87.23236,Terr-AIS
"2024-06-02 01:28:00",9.8,100,47.46061,-87.46473,Terr-AIS
"2024-06-02 00:29:00",9.9,99,47.48935,-87.70317,Terr-AIS
"2024-06-01 23:30:00",10.1,85,47.49918,-87.94112,Terr-AIS
"2024-06-01 22:30:00",10.0,87,47.48735,-88.18929,Terr-AIS
"2024-06-01 21:31:00",9.9,76,47.45939,-88.42863,Terr-AIS
"2024-06-01 20:31:00",9.9,76,47.42329,-88.66428,Terr-AIS
"2024-06-01 19:32:00",9.9,80,47.39092,-88.89763,Terr-AIS
"2024-06-01 18:32:00",9.9,77,47.36159,-89.13522,Terr-AIS
"2024-06-01 17:33:00",9.9,75,47.32729,-89.36855,Terr-AIS
"2024-06-01 16:32:00",9.7,74,47.28298,-89.60638,Terr-AIS
"2024-06-01 15:26:00",9.7,79,47.23865,-89.86165,Terr-AIS
"2024-06-01 14:27:00",9.8,81,47.21603,-90.09567,Terr-AIS
"2024-06-01 13:27:00",9.7,76,47.19009,-90.33257,Terr-AIS
"2024-06-01 12:28:00",9.7,78,47.15849,-90.56345,Terr-AIS
"2024-06-01 11:15:00",9.6,69,47.09529,-90.83756,Terr-AIS
"2024-06-01 10:14:00",9.7,70,47.03829,-91.06432,Terr-AIS
"2024-06-01 09:14:00",9.9,70,46.98176,-91.29012,Terr-AIS
"2024-06-01 08:14:00",9.9,69,46.9245,-91.51717,Terr-AIS
"2024-06-01 07:15:00",9.9,69,46.86585,-91.74217,Terr-AIS
"2024-06-01 06:15:00",10.0,71,46.81107,-91.96735,Terr-AIS
"2024-06-01 05:16:00",6.0,64,46.74966,-92.09933,Terr-AIS
"2024-06-01 04:17:00",0.0,135,46.75151,-92.13479,Terr-AIS
"2024-06-01 03:16:00",0.0,321,46.75216,-92.13575,Terr-AIS
"2024-06-01 02:17:00",0.2,319,46.75206,-92.13562,Terr-AIS
"2024-06-01 01:16:00",0.0,129,46.75209,-92.1356,Terr-AIS
"2024-06-01 00:14:00",0.0,314,46.75218,-92.13575,Terr-AIS
"2024-05-31 23:15:00",0.0,314,46.75209,-92.13567,Terr-AIS
"2024-05-31 22:15:00",0.2,322,46.75121,-92.13441,Terr-AIS
"2024-05-31 21:15:00",0.0,148,46.75117,-92.13435,Terr-AIS
"2024-05-31 20:15:00",4.8,252,46.74449,-92.11376,Terr-AIS
"2024-05-31 19:16:00",9.8,248,46.81017,-91.98804,Terr-AIS
"2024-05-31 18:17:00",9.8,249,46.86786,-91.76948,Terr-AIS
"2024-05-31 17:17:00",9.7,246,46.9335,-91.552,Terr-AIS
"2024-05-31 16:18:00",9.6,249,46.98901,-91.33386,Terr-AIS
"2024-05-31 15:18:00",9.9,248,47.0483,-91.11191,Terr-AIS
"2024-05-31 14:19:00",10.0,248,47.10916,-90.88871,Terr-AIS
"2024-05-31 13:20:00",9.8,255,47.16171,-90.66338,Terr-AIS
"2024-05-31 12:20:00",9.8,258,47.19653,-90.42947,Terr-AIS
"2024-05-31 11:20:00",9.8,257,47.23152,-90.19303,Terr-AIS
"2024-05-31 10:20:00",9.8,258,47.26557,-89.9602,Terr-AIS
"2024-05-31 09:21:00",9.9,257,47.30096,-89.723,Terr-AIS
"2024-05-31 08:22:00",9.8,258,47.33476,-89.48782,Terr-AIS
"2024-05-31 07:23:00",9.7,256,47.36945,-89.25494,Terr-AIS
"2024-05-31 06:23:00",9.9,258,47.40535,-89.02158,Terr-AIS
"2024-05-31 05:24:00",9.8,256,47.43915,-88.78754,Terr-AIS
"2024-05-31 04:25:00",9.9,258,47.47544,-88.55315,Terr-AIS
"2024-05-31 03:25:00",10.0,256,47.50986,-88.3151,Terr-AIS
"2024-05-31 02:25:00",10.1,264,47.53757,-88.06987,Terr-AIS
"2024-05-31 01:26:00",10.1,289,47.53938,-87.82663,Terr-AIS
"2024-05-31 00:26:00",10.3,289,47.48094,-87.59263,Terr-AIS
"2024-05-30 23:26:00",10.4,289,47.42231,-87.35383,Terr-AIS
"2024-05-30 22:26:00",10.3,290,47.36391,-87.11658,Terr-AIS
"2024-05-30 21:27:00",10.3,290,47.30587,-86.88065,Terr-AIS
"2024-05-30 20:27:00",10.2,289,47.24759,-86.64539,Terr-AIS
"2024-05-30 19:16:00",9.9,291,47.17925,-86.36952,Terr-AIS
"2024-05-30 18:16:00",9.7,293,47.11601,-86.15089,Terr-AIS
"2024-05-30 17:11:00",9.9,292,47.04679,-85.91298,Terr-AIS
"2024-05-30 16:12:00",10.0,292,46.97897,-85.69344,Terr-AIS
"2024-05-30 15:07:00",9.8,290,46.91415,-85.44192,Terr-AIS
"2024-05-30 14:02:00",9.8,290,46.85229,-85.20338,Terr-AIS
"2024-05-30 13:03:00",9.3,292,46.79244,-84.98571,Terr-AIS
"2024-05-30 12:03:00",9.8,318,46.68993,-84.81481,Terr-AIS
"2024-05-30 11:04:00",9.6,323,46.56143,-84.66988,Terr-AIS
"2024-05-30 10:04:00",9.0,253,46.45016,-84.52247,Terr-AIS
"2024-05-30 09:05:00",3.8,183,46.51514,-84.37571,Terr-AIS
"2024-05-30 08:05:00",0.0,144,46.51707,-84.37577,Terr-AIS
"2024-05-30 07:03:00",0.0,144,46.51708,-84.37576,Terr-AIS
"2024-05-30 06:04:00",0.0,144,46.51709,-84.37576,Terr-AIS
"2024-05-30 05:02:00",0.0,144,46.51709,-84.37582,Terr-AIS
"2024-05-30 04:02:00",0.0,144,46.51708,-84.37577,Terr-AIS
"2024-05-30 02:59:00",0.3,12,46.51741,-84.37608,Terr-AIS
"2024-05-30 02:00:00",7.7,53,46.48944,-84.43032,Terr-AIS
"2024-05-30 01:01:00",9.5,139,46.49075,-84.59613,Terr-AIS
"2024-05-30 00:02:00",9.7,138,46.61179,-84.75055,Terr-AIS
"2024-05-29 23:03:00",10.2,150,46.74904,-84.88199,Terr-AIS
"2024-05-29 22:03:00",10.0,112,46.84124,-85.06615,Terr-AIS
"2024-05-29 21:04:00",masked,masked,masked,masked,Sat-AIS
"2024-05-29 19:28:00",masked,masked,masked,masked,Sat-AIS
"2024-05-29 17:43:00",9.8,112,47.12214,-86.03743,Terr-AIS
"2024-05-29 16:43:00",9.9,112,47.1835,-86.26082,Terr-AIS
"2024-05-29 15:44:00",9.9,111,47.24508,-86.48428,Terr-AIS
"2024-05-29 14:41:00",9.8,112,47.31013,-86.71809,Terr-AIS
"2024-05-29 13:42:00",9.8,113,47.37353,-86.93693,Terr-AIS
"2024-05-29 12:43:00",9.7,113,47.43722,-87.15523,Terr-AIS
"2024-05-29 11:43:00",9.7,112,47.49995,-87.37352,Terr-AIS
"2024-05-29 10:44:00",9.6,112,47.56229,-87.59222,Terr-AIS
"2024-05-29 09:44:00",9.5,113,47.62362,-87.8128,Terr-AIS
"2024-05-29 08:45:00",9.6,88,47.6326,-88.04408,Terr-AIS
"2024-05-29 07:46:00",9.6,77,47.61568,-88.27664,Terr-AIS
"2024-05-29 06:46:00",9.6,77,47.58006,-88.50719,Terr-AIS
"2024-05-29 05:46:00",9.8,78,47.5457,-88.74127,Terr-AIS
"2024-05-29 04:47:00",10.0,78,47.51185,-88.97787,Terr-AIS
"2024-05-29 03:48:00",9.9,78,47.4796,-89.21463,Terr-AIS
"2024-05-29 02:49:00",9.8,76,47.44442,-89.44857,Terr-AIS
"2024-05-29 01:49:00",9.7,76,47.40779,-89.68055,Terr-AIS
"2024-05-29 00:50:00",9.7,78,47.3723,-89.90882,Terr-AIS
"2024-05-28 23:50:00",9.8,78,47.33966,-90.14207,Terr-AIS
"2024-05-28 22:51:00",9.8,78,47.30479,-90.37493,Terr-AIS
"2024-05-28 21:51:00",9.7,77,47.27049,-90.60908,Terr-AIS
"2024-05-28 20:52:00",9.9,67,47.22109,-90.83371,Terr-AIS
"2024-05-28 19:52:00",9.7,66,47.15765,-91.0554,Terr-AIS
"2024-05-28 18:53:00",9.8,67,47.09417,-91.27441,Terr-AIS
"2024-05-28 17:54:00",9.8,71,47.03492,-91.49449,Terr-AIS
"2024-05-28 16:54:00",1.6,129,47.01441,-91.67259,Terr-AIS
"2024-05-28 12:41:00",0.0,117,47.01539,-91.67397,Terr-AIS
"2024-05-28 10:49:00",2.8,348,47.00631,-91.67152,Terr-AIS
"2024-05-28 09:50:00",9.7,255,47.0149,-91.47948,Terr-AIS
"2024-05-28 08:51:00",9.8,253,47.05654,-91.25378,Terr-AIS
"2024-05-28 07:51:00",9.8,256,47.09628,-91.02331,Terr-AIS
"2024-05-28 06:51:00",9.7,253,47.13851,-90.79244,Terr-AIS
"2024-05-28 05:52:00",9.7,257,47.17669,-90.56371,Terr-AIS
"2024-05-28 04:53:00",9.8,257,47.21303,-90.33282,Terr-AIS
"2024-05-28 03:54:00",9.8,258,47.24571,-90.10185,Terr-AIS
"2024-05-28 02:54:00",9.7,257,47.27876,-89.86931,Terr-AIS
"2024-05-28 01:55:00",9.7,257,47.31293,-89.63982,Terr-AIS
"2024-05-28 00:56:00",9.7,258,47.34571,-89.40784,Terr-AIS
"2024-05-27 23:57:00",9.8,257,47.38172,-89.17528,Terr-AIS
"2024-05-27 22:57:00",9.8,258,47.41636,-88.94187,Terr-AIS
"2024-05-27 21:58:00",9.7,257,47.4505,-88.70916,Terr-AIS
"2024-05-27 20:59:00",9.7,256,47.48395,-88.47809,Terr-AIS
"2024-05-27 19:59:00",9.5,257,47.51917,-88.24795,Terr-AIS
"2024-05-27 19:00:00",9.5,266,47.53937,-88.01785,Terr-AIS
"2024-05-27 18:01:00",9.5,290,47.53163,-87.79029,Terr-AIS
"2024-05-27 17:01:00",9.5,292,47.47165,-87.57498,Terr-AIS
"2024-05-27 16:02:00",9.5,288,47.41667,-87.35708,Terr-AIS
"2024-05-27 15:02:00",9.8,290,47.36007,-87.13441,Terr-AIS
"2024-05-27 14:02:00",9.8,290,47.30135,-86.9062,Terr-AIS
"2024-05-27 13:02:00",9.5,292,47.24367,-86.68803,Terr-AIS
"2024-05-27 11:57:00",9.7,291,47.17886,-86.4473,Terr-AIS
"2024-05-27 10:57:00",9.7,291,47.11937,-86.22581,Terr-AIS
"2024-05-27 09:58:00",9.6,291,47.06223,-86.00802,Terr-AIS
"2024-05-27 08:58:00",9.6,291,47.00583,-85.79156,Terr-AIS
"2024-05-27 07:08:00",9.8,291,46.89835,-85.38374,Terr-AIS
"2024-05-27 05:51:00",10.0,290,46.82216,-85.09495,Terr-AIS
"2024-05-27 04:52:00",9.7,328,46.7388,-84.90548,Terr-AIS
"2024-05-27 03:52:00",9.5,320,46.60315,-84.78142,Terr-AIS
"2024-05-27 02:53:00",9.5,317,46.49677,-84.60327,Terr-AIS
"2024-05-27 01:54:00",8.4,232,46.48285,-84.44325,Terr-AIS
"2024-05-27 00:54:00",0.0,298,46.51624,-84.37502,Terr-AIS
"2024-05-26 23:55:00",0.0,298,46.5162,-84.375,Terr-AIS
"2024-05-26 22:56:00",0.0,298,46.51623,-84.37502,Terr-AIS
"2024-05-26 21:56:00",0.0,298,46.51622,-84.37502,Terr-AIS
"2024-05-26 20:56:00",0.0,298,46.51622,-84.37503,Terr-AIS
"2024-05-26 19:54:00",0.0,298,46.51622,-84.37502,Terr-AIS
"2024-05-26 18:54:00",0.0,298,46.51621,-84.37498,Terr-AIS
"2024-05-26 17:55:00",0.0,138,46.51588,-84.37466,Terr-AIS
"2024-05-26 16:53:00",0.0,138,46.51588,-84.37467,Terr-AIS
"2024-05-26 15:54:00",0.0,138,46.51588,-84.37466,Terr-AIS
"2024-05-26 14:52:00",0.0,138,46.51587,-84.37466,Terr-AIS
"2024-05-26 13:50:00",0.0,138,46.51589,-84.37469,Terr-AIS
"2024-05-26 12:49:00",1.6,353,46.51601,-84.37566,Terr-AIS
"2024-05-26 11:49:00",9.5,52,46.48003,-84.44848,Terr-AIS
"2024-05-26 10:50:00",9.1,138,46.50625,-84.61668,Terr-AIS
"2024-05-26 09:51:00",9.1,141,46.62106,-84.76202,Terr-AIS
"2024-05-26 08:51:00",9.3,146,46.75015,-84.8834,Terr-AIS
"2024-05-26 07:52:00",9.5,111,46.8371,-85.05901,Terr-AIS
"2024-05-26 06:52:00",9.7,114,46.8997,-85.2714,Terr-AIS
"2024-05-26 04:53:00",9.3,113,47.02177,-85.68871,Terr-AIS
"2024-05-26 03:54:00",9.3,111,47.08195,-85.89854,Terr-AIS
"2024-05-26 02:54:00",9.3,112,47.13897,-86.11101,Terr-AIS
"2024-05-26 01:55:00",9.2,111,47.19639,-86.31955,Terr-AIS
"2024-05-26 00:55:00",9.1,111,47.25693,-86.52744,Terr-AIS
"2024-05-25 23:51:00",9.3,112,47.3188,-86.75246,Terr-AIS
"2024-05-25 22:51:00",9.3,112,47.37762,-86.9614,Terr-AIS
"2024-05-25 21:52:00",9.3,112,47.43711,-87.16909,Terr-AIS
"2024-05-25 20:53:00",9.4,112,47.49671,-87.37884,Terr-AIS
"2024-05-25 19:54:00",9.5,112,47.55533,-87.58937,Terr-AIS
"2024-05-25 18:55:00",9.3,114,47.61591,-87.79855,Terr-AIS
"2024-05-25 17:55:00",9.5,89,47.62097,-88.02972,Terr-AIS
"2024-05-25 16:56:00",9.5,76,47.60428,-88.25899,Terr-AIS
"2024-05-25 15:57:00",9.5,76,47.56564,-88.48492,Terr-AIS
"2024-05-25 14:57:00",9.6,75,47.52623,-88.71405,Terr-AIS
"2024-05-25 13:58:00",9.7,75,47.48616,-88.94306,Terr-AIS
"2024-05-25 12:58:00",9.7,75,47.4481,-89.17315,Terr-AIS
"2024-05-25 11:59:00",9.7,77,47.41172,-89.40434,Terr-AIS
"2024-05-25 10:58:00",9.7,75,47.37172,-89.64278,Terr-AIS
"2024-05-25 09:58:00",9.6,75,47.33222,-89.87201,Terr-AIS
"2024-05-25 08:58:00",9.7,75,47.29421,-90.10234,Terr-AIS
"2024-05-25 07:59:00",9.7,76,47.25463,-90.33161,Terr-AIS
"2024-05-25 06:59:00",9.6,76,47.21644,-90.56162,Terr-AIS
"2024-05-25 06:00:00",9.6,62,47.17127,-90.78407,Terr-AIS
"2024-05-25 05:00:00",9.5,61,47.09346,-90.98542,Terr-AIS
"2024-05-25 04:01:00",8.3,62,47.0198,-91.18378,Terr-AIS
"2024-05-25 03:02:00",11.6,61,46.93382,-91.41203,Terr-AIS
"2024-05-25 02:03:00",10.6,61,46.84748,-91.64297,Terr-AIS
"2024-05-25 01:03:00",8.9,61,46.76651,-91.85926,Terr-AIS
"2024-05-25 00:03:00",2.2,359,46.70093,-92.01846,Terr-AIS
"2024-05-24 23:04:00",0.0,185,46.69731,-92.0185,Terr-AIS
"2024-05-24 22:04:00",0.0,185,46.69731,-92.01855,Terr-AIS
"2024-05-24 21:03:00",0.0,185,46.6973,-92.01854,Terr-AIS
"2024-05-24 20:03:00",0.0,185,46.69735,-92.01857,Terr-AIS
"2024-05-24 19:01:00",0.0,185,46.69732,-92.0185,Terr-AIS
"2024-05-24 18:01:00",0.0,185,46.69735,-92.01853,Terr-AIS
"2024-05-24 17:01:00",0.0,185,46.69739,-92.0185,Terr-AIS
"2024-05-24 16:01:00",0.0,185,46.69736,-92.01849,Terr-AIS
"2024-05-24 15:01:00",0.0,185,46.69734,-92.01851,Terr-AIS
"2024-05-24 14:01:00",0.0,185,46.69736,-92.01857,Terr-AIS
"2024-05-24 13:01:00",0.0,185,46.69739,-92.01859,Terr-AIS
"2024-05-24 12:00:00",0.0,185,46.69734,-92.01856,Terr-AIS
"2024-05-24 11:00:00",0.0,185,46.69733,-92.01853,Terr-AIS
"2024-05-24 09:59:00",0.0,185,46.69736,-92.01855,Terr-AIS
"2024-05-24 08:58:00",0.0,185,46.6974,-92.01852,Terr-AIS
"2024-05-24 07:56:00",0.0,0,46.70768,-92.04214,Terr-AIS
"2024-05-24 06:57:00",0.0,0,46.70769,-92.04215,Terr-AIS
"2024-05-24 05:56:00",0.0,0,46.70768,-92.04216,Terr-AIS
"2024-05-24 04:56:00",0.0,0,46.70767,-92.04214,Terr-AIS
"2024-05-24 03:54:00",0.0,0,46.70767,-92.04214,Terr-AIS
"2024-05-24 02:53:00",0.0,0,46.70765,-92.04215,Terr-AIS
"2024-05-24 01:53:00",0.0,0,46.70766,-92.04215,Terr-AIS
"2024-05-24 00:52:00",0.0,0,46.70766,-92.04214,Terr-AIS
"2024-05-23 23:51:00",0.0,0,46.70765,-92.04214,Terr-AIS
"2024-05-23 22:51:00",0.0,0,46.70767,-92.04216,Terr-AIS
"2024-05-23 21:50:00",0.0,0,46.70766,-92.04214,Terr-AIS
"2024-05-23 20:51:00",0.0,0,46.70766,-92.04214,Terr-AIS
"2024-05-23 19:50:00",0.0,0,46.70767,-92.04216,Terr-AIS
"2024-05-23 18:48:00",0.0,0,46.70767,-92.04215,Terr-AIS
"2024-05-23 17:49:00",0.0,0,46.70766,-92.04216,Terr-AIS
"2024-05-23 16:49:00",0.0,0,46.70767,-92.04216,Terr-AIS
"2024-05-23 15:50:00",0.0,324,46.70766,-92.04218,Terr-AIS
"2024-05-23 14:49:00",0.0,264,46.70766,-92.04218,Terr-AIS
"2024-05-23 13:50:00",0.0,246,46.70766,-92.04214,Terr-AIS
"2024-05-23 12:51:00",0.0,246,46.70766,-92.04215,Terr-AIS
"2024-05-23 11:48:00",0.0,246,46.70768,-92.04214,Terr-AIS
"2024-05-23 10:49:00",0.0,246,46.70767,-92.04214,Terr-AIS
"2024-05-23 09:48:00",6.5,235,46.71052,-92.00813,Terr-AIS
"2024-05-23 08:48:00",13.2,227,46.82649,-91.76979,Terr-AIS
"2024-05-23 07:49:00",13.2,227,46.97988,-91.53829,Terr-AIS
"2024-05-23 06:49:00",13.2,226,47.12983,-91.30458,Terr-AIS
"2024-05-23 05:50:00",13.1,217,47.29224,-91.09444,Terr-AIS
"2024-05-23 04:50:00",13.2,216,47.46476,-90.89829,Terr-AIS
"2024-05-23 03:51:00",13.0,246,47.56821,-90.62654,Terr-AIS
"2024-05-23 02:52:00",13.1,244,47.65769,-90.33707,Terr-AIS
"2024-05-23 01:53:00",13.0,243,47.75303,-90.05248,Terr-AIS
"2024-05-23 00:53:00",12.8,245,47.84068,-89.76418,Terr-AIS
"2024-05-22 23:20:00",12.6,235,48.02127,-89.3398,Terr-AIS
"2024-05-22 22:17:00",12.6,234,48.14244,-89.08866,Terr-AIS
"2024-05-22 21:17:00",13.3,142,48.29706,-89.00936,Terr-AIS
"2024-05-22 20:18:00",0.0,259,48.40949,-89.21639,Terr-AIS
"2024-05-22 19:16:00",0.2,80,48.40945,-89.21629,Terr-AIS
"2024-05-22 18:16:00",0.0,182,48.40946,-89.21637,Terr-AIS
"2024-05-22 17:16:00",0.0,182,48.40946,-89.21637,Terr-AIS
"2024-05-22 16:17:00",0.0,182,48.40947,-89.21637,Terr-AIS
"2024-05-22 15:16:00",0.0,182,48.40946,-89.21638,Terr-AIS
"2024-05-22 14:14:00",0.0,182,48.40946,-89.21637,Terr-AIS
"2024-05-22 13:12:00",0.0,182,48.40945,-89.21637,Terr-AIS
"2024-05-22 12:10:00",0.0,182,48.40945,-89.21638,Terr-AIS
"2024-05-22 11:11:00",0.0,182,48.40946,-89.21638,Terr-AIS
"2024-05-22 10:12:00",0.0,182,48.40946,-89.21638,Terr-AIS
"2024-05-22 09:12:00",0.0,182,48.40946,-89.2164,Terr-AIS
"2024-05-22 08:12:00",0.0,182,48.40945,-89.21638,Terr-AIS
"2024-05-22 07:11:00",0.0,182,48.40947,-89.21639,Terr-AIS
"2024-05-22 06:10:00",0.0,182,48.40945,-89.21638,Terr-AIS
"2024-05-22 05:07:00",0.0,182,48.40945,-89.21638,Terr-AIS
"2024-05-22 04:05:00",0.0,182,48.40945,-89.21638,Terr-AIS
"2024-05-22 03:04:00",0.0,182,48.40945,-89.21638,Terr-AIS
"2024-05-22 02:05:00",0.0,182,48.40945,-89.21639,Terr-AIS
"2024-05-22 01:04:00",0.0,182,48.40946,-89.21638,Terr-AIS
"2024-05-22 00:02:00",0.0,182,48.40945,-89.21639,Terr-AIS
"2024-05-21 23:00:00",0.0,182,48.40946,-89.21639,Terr-AIS
"2024-05-21 22:01:00",0.0,182,48.40946,-89.2164,Terr-AIS
"2024-05-21 21:00:00",0.0,182,48.40946,-89.21639,Terr-AIS
"2024-05-21 20:01:00",6.7,259,48.41618,-89.17543,Terr-AIS
"2024-05-21 19:01:00",5.7,319,48.38517,-89.11292,Terr-AIS
"2024-05-21 18:02:00",13.5,276,48.2817,-88.86473,Terr-AIS
"2024-05-21 17:02:00",13.3,278,48.25304,-88.53149,Terr-AIS
"2024-05-21 16:03:00",13.3,326,48.1343,-88.27748,Terr-AIS
"2024-05-21 15:04:00",13.4,326,47.95168,-88.0955,Terr-AIS
"2024-05-21 14:04:00",13.4,326,47.76699,-87.91483,Terr-AIS
"2024-05-21 13:05:00",13.3,323,47.58749,-87.72879,Terr-AIS
"2024-05-21 12:05:00",13.2,291,47.44985,-87.48439,Terr-AIS
"2024-05-21 11:06:00",13.4,290,47.3715,-87.18097,Terr-AIS
"2024-05-21 10:07:00",13.4,289,47.2923,-86.87552,Terr-AIS
"2024-05-21 09:07:00",masked,masked,masked,masked,Sat-AIS
"2024-05-21 07:56:00",13.5,290,47.12095,-86.20719,Terr-AIS
"2024-05-21 06:56:00",13.4,292,47.03829,-85.90192,Terr-AIS
"2024-05-21 05:57:00",13.5,290,46.96134,-85.59671,Terr-AIS
"2024-05-21 04:58:00",13.4,291,46.88067,-85.29546,Terr-AIS
"2024-05-21 03:58:00",13.1,290,46.80085,-84.99235,Terr-AIS
"2024-05-21 02:58:00",13.4,328,46.63008,-84.80681,Terr-AIS
"2024-05-21 01:58:00",13.0,318,46.47631,-84.57708,Terr-AIS
"2024-05-21 00:59:00",4.4,227,46.50835,-84.3837,Terr-AIS
"2024-05-21 00:00:00",0.0,152,46.51907,-84.37769,Terr-AIS
"2024-05-20 22:58:00",0.0,152,46.51908,-84.37767,Terr-AIS
"2024-05-20 21:58:00",0.0,152,46.51908,-84.37769,Terr-AIS
"2024-05-20 20:58:00",0.0,152,46.51908,-84.37769,Terr-AIS
"2024-05-20 19:56:00",0.0,152,46.51908,-84.37768,Terr-AIS
"2024-05-20 18:55:00",0.0,152,46.5191,-84.37767,Terr-AIS
"2024-05-20 17:54:00",0.0,152,46.51908,-84.37769,Terr-AIS
"2024-05-20 16:54:00",0.0,152,46.5191,-84.37769,Terr-AIS
"2024-05-20 15:52:00",0.0,152,46.51909,-84.37769,Terr-AIS
"2024-05-20 14:52:00",0.0,152,46.51909,-84.37766,Terr-AIS
"2024-05-20 13:52:00",0.0,152,46.51906,-84.37764,Terr-AIS
"2024-05-20 12:50:00",0.0,152,46.5191,-84.37766,Terr-AIS
"2024-05-20 11:50:00",0.0,152,46.51908,-84.37768,Terr-AIS
"2024-05-20 10:48:00",0.0,152,46.51909,-84.37766,Terr-AIS
"2024-05-20 09:48:00",0.0,152,46.51908,-84.37768,Terr-AIS
"2024-05-20 08:48:00",0.0,152,46.51911,-84.37769,Terr-AIS
"2024-05-20 07:46:00",0.0,152,46.51911,-84.37768,Terr-AIS
"2024-05-20 06:46:00",0.0,152,46.5191,-84.37769,Terr-AIS
"2024-05-20 05:46:00",0.0,152,46.51908,-84.37769,Terr-AIS
"2024-05-20 04:45:00",0.0,152,46.51908,-84.37769,Terr-AIS
"2024-05-20 03:43:00",0.0,152,46.51908,-84.37768,Terr-AIS
"2024-05-20 02:42:00",0.0,152,46.51907,-84.37768,Terr-AIS
"2024-05-20 01:41:00",0.0,152,46.5192,-84.37778,Terr-AIS
"2024-05-20 00:40:00",5.6,50,46.50275,-84.39323,Terr-AIS
"2024-05-19 23:41:00",12.5,138,46.4888,-84.59365,Terr-AIS
"2024-05-19 22:42:00",13.0,149,46.65158,-84.78962,Terr-AIS
"2024-05-19 21:43:00",13.0,110,46.81679,-84.97176,Terr-AIS
"2024-05-19 20:44:00",13.3,114,46.90169,-85.26045,Terr-AIS
"2024-05-19 19:35:00",13.2,114,47.00362,-85.59425,Terr-AIS
"2024-05-19 18:36:00",13.1,113,47.09324,-85.88169,Terr-AIS
"2024-05-19 17:37:00",13.0,114,47.18071,-86.17439,Terr-AIS
"2024-05-19 16:38:00",13.1,114,47.26997,-86.46331,Terr-AIS
"2024-05-19 14:59:00",13.2,114,47.41196,-86.9557,Terr-AIS
"2024-05-19 13:59:00",13.2,114,47.50252,-87.25188,Terr-AIS
"2024-05-19 12:59:00",13.2,111,47.59256,-87.5502,Terr-AIS
"2024-05-19 11:59:00",13.4,89,47.59735,-87.87943,Terr-AIS
"2024-05-19 10:59:00",13.2,89,47.59981,-88.20486,Terr-AIS
"2024-05-19 10:00:00",13.1,77,47.59102,-88.52221,Terr-AIS
"2024-05-19 09:00:00",13.2,77,47.5431,-88.83718,Terr-AIS
"2024-05-19 08:01:00",13.2,78,47.49681,-89.15218,Terr-AIS
"2024-05-19 07:02:00",13.2,76,47.4492,-89.4672,Terr-AIS
"2024-05-19 05:58:00",13.3,77,47.39634,-89.80512,Terr-AIS
"2024-05-19 04:58:00",13.3,77,47.34846,-90.12573,Terr-AIS
"2024-05-19 03:59:00",13.3,78,47.30279,-90.4401,Terr-AIS
"2024-05-19 02:59:00",13.2,74,47.24788,-90.7514,Terr-AIS
"2024-05-19 01:59:00",13.4,60,47.14405,-91.04218,Terr-AIS
"2024-05-19 01:00:00",13.2,63,47.04211,-91.32565,Terr-AIS
"2024-05-19 00:00:00",13.3,62,46.9412,-91.61273,Terr-AIS
"2024-05-18 23:01:00",13.3,62,46.83996,-91.89928,Terr-AIS
"2024-05-18 22:02:00",4.9,338,46.7564,-92.09225,Terr-AIS
"2024-05-18 21:02:00",0.0,330,46.75216,-92.13575,Terr-AIS
"2024-05-18 20:02:00",0.0,330,46.75221,-92.13577,Terr-AIS
"2024-05-18 19:01:00",0.0,330,46.7521,-92.13567,Terr-AIS
"2024-05-18 18:01:00",0.0,330,46.75214,-92.13571,Terr-AIS
"2024-05-18 17:01:00",0.0,330,46.75212,-92.13569,Terr-AIS
"2024-05-18 16:02:00",0.0,330,46.7521,-92.13565,Terr-AIS
"2024-05-18 15:00:00",0.0,330,46.75213,-92.13566,Terr-AIS
"2024-05-18 14:00:00",0.0,330,46.75212,-92.13567,Terr-AIS
"2024-05-18 13:00:00",0.0,330,46.75213,-92.13569,Terr-AIS
"2024-05-18 12:00:00",0.0,320,46.7514,-92.13464,Terr-AIS
"2024-05-18 11:00:00",0.0,92,46.75116,-92.13437,Terr-AIS
"2024-05-18 09:59:00",0.0,92,46.75115,-92.13435,Terr-AIS
"2024-05-18 09:00:00",2.5,286,46.74472,-92.12219,Terr-AIS
"2024-05-18 08:00:00",0.0,151,46.75782,-92.09603,Terr-AIS
"2024-05-18 07:00:00",0.0,151,46.75781,-92.09602,Terr-AIS
"2024-05-18 05:59:00",6.6,233,46.77795,-92.09532,Terr-AIS
"2024-05-18 04:59:00",12.8,247,46.85755,-91.8141,Terr-AIS
"2024-05-18 04:00:00",13.9,246,46.94271,-91.5114,Terr-AIS
"2024-05-18 03:00:00",13.9,248,47.02509,-91.19997,Terr-AIS
"2024-05-18 02:01:00",13.7,249,47.10621,-90.89219,Terr-AIS
"2024-05-18 01:02:00",13.8,256,47.17661,-90.57941,Terr-AIS
"2024-05-18 00:02:00",13.7,259,47.22323,-90.25075,Terr-AIS
"2024-05-17 23:02:00",13.7,257,47.27002,-89.92258,Terr-AIS
"2024-05-17 22:03:00",13.7,257,47.31798,-89.59918,Terr-AIS
"2024-05-17 21:04:00",13.7,257,47.36507,-89.2771,Terr-AIS
"2024-05-17 20:05:00",13.6,257,47.41441,-88.95444,Terr-AIS
"2024-05-17 19:06:00",13.5,258,47.46142,-88.634,Terr-AIS
"2024-05-17 18:06:00",13.4,256,47.50937,-88.3094,Terr-AIS
"2024-05-17 17:06:00",13.4,266,47.54061,-87.98667,Terr-AIS
"2024-05-17 16:07:00",13.5,291,47.50124,-87.67187,Terr-AIS
"2024-05-17 15:07:00",13.5,289,47.42297,-87.35971,Terr-AIS
"2024-05-17 14:08:00",13.4,290,47.34774,-87.05282,Terr-AIS
"2024-05-17 13:09:00",13.3,288,47.27213,-86.74456,Terr-AIS
"2024-05-17 12:07:00",13.3,291,47.19529,-86.42924,Terr-AIS
"2024-05-17 11:07:00",13.1,291,47.11372,-86.12901,Terr-AIS
"2024-05-17 10:08:00",13.2,292,47.03415,-85.8326,Terr-AIS
"2024-05-17 09:09:00",13.3,291,46.95561,-85.53743,Terr-AIS
"2024-05-17 08:10:00",13.0,291,46.87779,-85.24258,Terr-AIS
"2024-05-17 07:10:00",12.8,292,46.79611,-84.95001,Terr-AIS
"2024-05-17 06:11:00",12.8,324,46.60898,-84.79015,Terr-AIS
"2024-05-17 05:12:00",12.6,319,46.46149,-84.55914,Terr-AIS
"2024-05-17 04:13:00",1.5,267,46.50226,-84.3525,Terr-AIS
"2024-05-17 03:13:00",6.7,334,46.48888,-84.30228,Terr-AIS
"2024-05-17 02:14:00",10.2,329,46.37575,-84.21829,Terr-AIS
"2024-05-17 01:15:00",7.7,356,46.27323,-84.11665,Terr-AIS
"2024-05-17 00:16:00",12.1,311,46.14185,-84.02468,Terr-AIS
"2024-05-16 23:16:00",13.2,7,45.99634,-83.88707,Terr-AIS
"2024-05-16 22:16:00",13.6,325,45.80086,-83.75822,Terr-AIS
"2024-05-16 21:17:00",13.3,324,45.61783,-83.57663,Terr-AIS
"2024-05-16 20:18:00",13.4,326,45.43655,-83.39299,Terr-AIS
"2024-05-16 19:18:00",13.3,323,45.25401,-83.21524,Terr-AIS
"2024-05-16 18:18:00",13.2,343,45.06455,-83.06458,Terr-AIS
"2024-05-16 17:19:00",13.3,342,44.85467,-82.97355,Terr-AIS
"2024-05-16 15:46:00",13.3,344,44.52709,-82.82816,Terr-AIS
"2024-05-16 14:34:00",13.2,343,44.27333,-82.71413,Terr-AIS
"2024-05-16 13:35:00",13.1,342,44.06381,-82.62677,Terr-AIS
"2024-05-16 12:35:00",13.1,352,43.85573,-82.53583,Terr-AIS
"2024-05-16 11:36:00",12.9,353,43.64391,-82.4993,Terr-AIS
"2024-05-16 10:37:00",12.8,352,43.43258,-82.46758,Terr-AIS
"2024-05-16 09:38:00",12.7,353,43.2248,-82.43235,Terr-AIS
"2024-05-16 08:39:00",10.8,1,43.01996,-82.41668,Terr-AIS
"2024-05-16 07:39:00",10.0,355,42.8721,-82.47265,Terr-AIS
"2024-05-16 06:39:00",10.3,23,42.71422,-82.49029,Terr-AIS
"2024-05-16 05:40:00",9.6,41,42.56803,-82.57752,Terr-AIS
"2024-05-16 04:40:00",12.6,48,42.45627,-82.76425,Terr-AIS
"2024-05-16 03:41:00",3.7,253,42.34461,-82.94678,Terr-AIS
"2024-05-16 02:42:00",0.0,86,42.34027,-82.92009,Terr-AIS
"2024-05-16 01:43:00",0.0,86,42.34023,-82.92006,Terr-AIS
"2024-05-16 00:41:00",0.0,86,42.34022,-82.92006,Terr-AIS
"2024-05-15 23:42:00",0.0,172,42.34024,-82.92068,Terr-AIS
"2024-05-15 22:42:00",0.0,250,42.34042,-82.92071,Terr-AIS
"2024-05-15 21:42:00",0.0,250,42.34043,-82.92068,Terr-AIS
"2024-05-15 20:42:00",0.5,81,42.34035,-82.92066,Terr-AIS
"2024-05-15 19:43:00",0.6,52,42.33737,-82.96329,Terr-AIS
"2024-05-15 18:44:00",11.5,227,42.41065,-82.83208,Terr-AIS
"2024-05-15 17:44:00",10.1,244,42.5328,-82.63966,Terr-AIS
"2024-05-15 16:44:00",9.9,178,42.65755,-82.51075,Terr-AIS
"2024-05-15 15:45:00",10.1,178,42.81844,-82.48275,Terr-AIS
"2024-05-15 14:45:00",10.2,198,42.96961,-82.41732,Terr-AIS
"2024-05-15 13:46:00",12.7,179,43.1506,-82.41067,Terr-AIS
"2024-05-15 12:47:00",12.9,175,43.36391,-82.42078,Terr-AIS
"2024-05-15 11:48:00",13.0,175,43.57799,-82.44311,Terr-AIS
"2024-05-15 10:48:00",12.9,176,43.79156,-82.46188,Terr-AIS
"2024-05-15 09:49:00",12.7,163,43.99983,-82.51629,Terr-AIS
"2024-05-15 08:50:00",masked,masked,masked,masked,Sat-AIS
"2024-05-15 07:02:00",masked,masked,masked,masked,Sat-AIS
"2024-05-15 04:49:00",12.9,161,45.01996,-82.98126,Terr-AIS
"2024-05-15 03:48:00",12.9,129,45.19951,-83.14267,Terr-AIS
"2024-05-15 02:48:00",12.9,125,45.33366,-83.37896,Terr-AIS
"2024-05-15 01:39:00",12.7,99,45.42508,-83.70454,Terr-AIS
"2024-05-15 00:38:00",0.0,237,45.41189,-83.78444,Terr-AIS
"2024-05-14 23:37:00",0.0,48,45.41218,-83.78383,Terr-AIS
"2024-05-14 22:38:00",0.2,55,45.41199,-83.78422,Terr-AIS
"2024-05-14 21:38:00",0.0,227,45.41163,-83.785,Terr-AIS
"2024-05-14 20:38:00",0.0,234,45.41179,-83.78468,Terr-AIS
"2024-05-14 19:36:00",0.0,228,45.41215,-83.7839,Terr-AIS
"2024-05-14 18:36:00",0.0,53,45.41231,-83.78358,Terr-AIS
"2024-05-14 17:35:00",0.0,53,45.41229,-83.78358,Terr-AIS
"2024-05-14 16:34:00",0.0,19,45.41201,-83.78421,Terr-AIS
"2024-05-14 15:31:00",0.0,246,45.41171,-83.78482,Terr-AIS
"2024-05-14 14:29:00",0.0,246,45.41169,-83.78481,Terr-AIS
"2024-05-14 13:30:00",0.0,230,45.41185,-83.78454,Terr-AIS
"2024-05-14 12:28:00",0.0,53,45.41193,-83.78438,Terr-AIS
"2024-05-14 11:26:00",0.2,24,45.41181,-83.78465,Terr-AIS
"2024-05-14 10:25:00",13.5,166,45.4943,-83.77613,Terr-AIS
"2024-05-14 09:25:00",13.6,170,45.71463,-83.8376,Terr-AIS
"2024-05-14 08:26:00",13.7,168,45.93644,-83.8914,Terr-AIS
"2024-05-14 07:26:00",12.3,186,46.10655,-84.01488,Terr-AIS
"2024-05-14 06:27:00",8.8,168,46.23933,-84.17708,Terr-AIS
"2024-05-14 05:28:00",8.5,159,46.36813,-84.22114,Terr-AIS
"2024-05-14 04:29:00",8.9,115,46.49415,-84.30958,Terr-AIS
"2024-05-14 03:29:00",2.7,89,46.50175,-84.37004,Terr-AIS
"2024-05-14 02:30:00",13.4,138,46.46101,-84.55869,Terr-AIS
"2024-05-14 01:31:00",13.7,148,46.62628,-84.77081,Terr-AIS
"2024-05-14 00:31:00",13.7,112,46.80961,-84.9556,Terr-AIS
"2024-05-13 23:32:00",13.8,111,46.89686,-85.2608,Terr-AIS
"2024-05-13 21:46:00",13.7,111,47.04716,-85.80238,Terr-AIS
"2024-05-13 20:47:00",13.7,112,47.13595,-86.10857,Terr-AIS
"2024-05-13 19:48:00",13.5,110,47.2217,-86.41048,Terr-AIS
"2024-05-13 18:48:00",13.5,110,47.29875,-86.71837,Terr-AIS
"2024-05-13 17:49:00",13.5,103,47.36292,-87.03107,Terr-AIS
"2024-05-13 16:50:00",7.6,291,47.32847,-86.97571,Terr-AIS
"2024-05-13 15:50:00",6.4,288,47.28681,-86.80658,Terr-AIS
"2024-05-13 14:51:00",13.1,290,47.21276,-86.51672,Terr-AIS
"2024-05-13 13:51:00",13.0,290,47.13677,-86.21803,Terr-AIS
"2024-05-13 12:52:00",13.4,291,47.05883,-85.92667,Terr-AIS
"2024-05-13 11:53:00",13.5,289,46.98029,-85.6241,Terr-AIS
"2024-05-13 10:54:00",13.5,292,46.90171,-85.32076,Terr-AIS
"2024-05-13 09:49:00",13.4,291,46.81023,-84.99632,Terr-AIS
"2024-05-13 08:50:00",13.8,331,46.63392,-84.80951,Terr-AIS
"2024-05-13 07:50:00",13.2,318,46.47749,-84.57822,Terr-AIS
"2024-05-13 06:50:00",7.6,270,46.50235,-84.3623,Terr-AIS
"2024-05-13 05:51:00",3.9,291,46.49923,-84.327,Terr-AIS
"2024-05-13 04:52:00",8.4,339,46.40665,-84.23987,Terr-AIS
"2024-05-13 03:52:00",7.4,356,46.30301,-84.11931,Terr-AIS
"2024-05-13 02:53:00",13.0,307,46.16725,-84.07132,Terr-AIS
"2024-05-13 01:54:00",13.0,329,46.0295,-83.88689,Terr-AIS
"2024-05-13 00:54:00",13.8,324,45.82567,-83.7858,Terr-AIS
"2024-05-12 23:54:00",13.9,324,45.6363,-83.5965,Terr-AIS
"2024-05-12 22:55:00",13.9,325,45.4479,-83.40501,Terr-AIS
"2024-05-12 21:55:00",13.7,325,45.25999,-83.21579,Terr-AIS
"2024-05-12 20:55:00",13.8,341,45.05813,-83.06404,Terr-AIS
"2024-05-12 19:56:00",13.9,343,44.84031,-82.96368,Terr-AIS
"2024-05-12 18:56:00",13.6,340,44.62138,-82.86841,Terr-AIS
"2024-05-12 17:57:00",13.6,344,44.40632,-82.77126,Terr-AIS
"2024-05-12 16:56:00",13.5,342,44.18774,-82.67727,Terr-AIS
"2024-05-12 15:57:00",13.5,342,43.97402,-82.58443,Terr-AIS
"2024-05-12 14:57:00",13.4,354,43.75525,-82.51878,Terr-AIS
"2024-05-12 13:58:00",13.3,353,43.53395,-82.48273,Terr-AIS
"2024-05-12 12:59:00",13.2,352,43.31736,-82.44776,Terr-AIS
"2024-05-12 11:59:00",12.7,351,43.10229,-82.41356,Terr-AIS
"2024-05-12 11:00:00",8.2,44,42.93969,-82.44592,Terr-AIS
"2024-05-12 10:01:00",9.5,340,42.78616,-82.47176,Terr-AIS
"2024-05-12 09:01:00",10.4,8,42.62449,-82.51532,Terr-AIS
"2024-05-12 08:01:00",10.1,64,42.51935,-82.67829,Terr-AIS
"2024-05-12 07:02:00",11.9,48,42.37953,-82.87876,Terr-AIS
"2024-05-12 06:03:00",10.1,36,42.30592,-83.0804,Terr-AIS
"2024-05-12 05:03:00",0.0,95,42.28868,-83.10654,Terr-AIS
"2024-05-12 04:02:00",0.0,302,42.28868,-83.10694,Terr-AIS
"2024-05-12 03:02:00",0.5,339,42.28771,-83.10329,Terr-AIS
"2024-05-12 02:01:00",1.4,102,42.28045,-83.12792,Terr-AIS
"2024-05-12 01:02:00",0.0,116,42.28166,-83.1315,Terr-AIS
"2024-05-12 00:01:00",0.0,116,42.28163,-83.13152,Terr-AIS
